week,product_id,stock
0,v_1,9
0,v_2,25
0,v_3,162
0,v_4,90
0,v_5,80
0,v_6,31
0,v_7,105
0,v_8,64
0,v_9,125
0,v_10,106
0,v_11,17
0,v_12,121
0,v_13,30
0,v_14,46
0,v_15,109
0,v_16,84
0,v_17,45
0,v_18,1
0,v_19,42
0,v_20,54
0,v_21,80
0,v_22,128
0,v_23,71
0,v_24,44
0,v_25,1
0,v_26,125
0,v_27,19
0,v_28,104
0,v_29,105
0,v_30,85
0,v_31,79
0,v_32,75
0,v_33,14
0,v_34,134
0,v_35,71
0,f_1,55
0,f_2,31
0,f_3,13
0,f_4,116
0,f_5,11
0,f_6,87
0,f_7,9
0,f_8,82
0,f_9,119
0,f_10,143
0,f_11,120
0,f_12,94
0,f_13,58
0,f_14,197
0,f_15,31
0,f_16,59
0,f_17,56
0,f_18,43
0,f_19,76
0,f_20,156
0,f_21,65
0,f_22,49
0,f_23,115
0,f_24,68
0,f_25,6
0,f_26,124
0,f_27,17
0,f_28,119
0,f_29,69
0,f_30,155
0,m_1,69
0,m_2,37
0,m_3,104
0,m_4,135
0,m_5,117
0,m_6,79
0,m_7,114
0,m_8,134
0,m_9,123
0,m_10,53
0,m_11,64
0,m_12,121
0,m_13,31
0,m_14,75
0,m_15,0
0,m_16,60
0,m_17,0
0,m_18,67
0,m_19,99
0,m_20,184
0,m_21,142
0,m_22,122
0,m_23,60
0,m_24,72
0,m_25,0
0,m_26,38
0,m_27,70
0,m_28,92
0,m_29,88
0,m_30,71
0,m_31,25
0,m_32,0
0,m_33,36
0,m_34,0
0,m_35,92
0,m_36,0
0,m_37,0
0,m_38,132
0,m_39,86
0,m_40,117
0,m_41,36
0,b_1,56
0,b_2,40
0,b_3,106
0,b_4,54
0,b_5,77
0,b_6,3
0,b_7,100
0,b_8,67
0,b_9,75
0,b_10,81
0,b_11,76
0,b_12,138
0,b_13,93
0,b_14,66
0,b_15,114
0,b_16,5
0,b_17,116
0,b_18,8
0,b_19,155
0,b_20,6
0,b_21,77
0,b_22,148
0,b_23,129
0,b_24,151
0,b_25,115
0,b_26,57
0,b_27,51
0,b_28,12
0,b_29,67
0,b_30,6
0,b_31,100
0,b_32,98
0,b_33,76
0,b_34,72
0,b_35,66
0,b_36,12
0,b_37,56
0,b_38,112
0,b_39,95
0,b_40,11
0,b_41,73
0,s_1,104
0,s_2,0
0,s_3,96
0,s_4,113
0,s_5,85
0,s_6,121
0,s_7,65
0,s_8,41
1,v_1,132
1,v_2,58
1,v_3,92
1,v_4,138
1,v_5,113
1,v_6,90
1,v_7,173
1,v_8,72
1,v_9,140
1,v_10,86
1,v_11,91
1,v_12,80
1,v_13,192
1,v_14,80
1,v_15,178
1,v_16,99
1,v_17,56
1,v_18,33
1,v_19,75
1,v_20,53
1,v_21,4
1,v_22,2
1,v_23,126
1,v_24,87
1,v_25,33
1,v_26,55
1,v_27,88
1,v_28,26
1,v_29,58
1,v_30,105
1,v_31,51
1,v_32,117
1,v_33,71
1,v_34,105
1,v_35,70
1,f_1,28
1,f_2,92
1,f_3,117
1,f_4,43
1,f_5,60
1,f_6,49
1,f_7,93
1,f_8,71
1,f_9,59
1,f_10,57
1,f_11,8
1,f_12,48
1,f_13,74
1,f_14,96
1,f_15,98
1,f_16,29
1,f_17,89
1,f_18,56
1,f_19,50
1,f_20,128
1,f_21,18
1,f_22,57
1,f_23,12
1,f_24,124
1,f_25,117
1,f_26,44
1,f_27,165
1,f_28,22
1,f_29,7
1,f_30,106
1,m_1,74
1,m_2,58
1,m_3,28
1,m_4,77
1,m_5,43
1,m_6,51
1,m_7,94
1,m_8,84
1,m_9,81
1,m_10,117
1,m_11,86
1,m_12,55
1,m_13,70
1,m_14,45
1,m_15,0
1,m_16,46
1,m_17,0
1,m_18,57
1,m_19,64
1,m_20,115
1,m_21,89
1,m_22,20
1,m_23,38
1,m_24,146
1,m_25,0
1,m_26,36
1,m_27,73
1,m_28,88
1,m_29,80
1,m_30,94
1,m_31,65
1,m_32,0
1,m_33,79
1,m_34,0
1,m_35,10
1,m_36,0
1,m_37,0
1,m_38,108
1,m_39,94
1,m_40,129
1,m_41,71
1,b_1,114
1,b_2,10
1,b_3,75
1,b_4,78
1,b_5,80
1,b_6,39
1,b_7,63
1,b_8,29
1,b_9,6
1,b_10,92
1,b_11,68
1,b_12,80
1,b_13,126
1,b_14,83
1,b_15,45
1,b_16,0
1,b_17,97
1,b_18,36
1,b_19,89
1,b_20,8
1,b_21,30
1,b_22,159
1,b_23,186
1,b_24,61
1,b_25,1
1,b_26,152
1,b_27,28
1,b_28,65
1,b_29,52
1,b_30,46
1,b_31,95
1,b_32,75
1,b_33,24
1,b_34,33
1,b_35,147
1,b_36,98
1,b_37,5
1,b_38,138
1,b_39,77
1,b_40,17
1,b_41,168
1,s_1,83
1,s_2,42
1,s_3,45
1,s_4,103
1,s_5,41
1,s_6,100
1,s_7,78
1,s_8,100
2,v_1,32
2,v_2,70
2,v_3,76
2,v_4,121
2,v_5,33
2,v_6,113
2,v_7,83
2,v_8,68
2,v_9,24
2,v_10,25
2,v_11,79
2,v_12,65
2,v_13,21
2,v_14,81
2,v_15,109
2,v_16,23
2,v_17,72
2,v_18,56
2,v_19,89
2,v_20,116
2,v_21,142
2,v_22,116
2,v_23,54
2,v_24,95
2,v_25,36
2,v_26,99
2,v_27,77
2,v_28,23
2,v_29,147
2,v_30,116
2,v_31,128
2,v_32,103
2,v_33,67
2,v_34,65
2,v_35,100
2,f_1,69
2,f_2,92
2,f_3,11
2,f_4,59
2,f_5,129
2,f_6,44
2,f_7,68
2,f_8,107
2,f_9,62
2,f_10,186
2,f_11,168
2,f_12,46
2,f_13,54
2,f_14,109
2,f_15,103
2,f_16,119
2,f_17,66
2,f_18,104
2,f_19,47
2,f_20,112
2,f_21,142
2,f_22,0
2,f_23,87
2,f_24,99
2,f_25,42
2,f_26,130
2,f_27,44
2,f_28,64
2,f_29,112
2,f_30,108
2,m_1,53
2,m_2,103
2,m_3,77
2,m_4,138
2,m_5,85
2,m_6,75
2,m_7,73
2,m_8,133
2,m_9,97
2,m_10,114
2,m_11,106
2,m_12,77
2,m_13,74
2,m_14,89
2,m_15,0
2,m_16,77
2,m_17,0
2,m_18,78
2,m_19,83
2,m_20,126
2,m_21,86
2,m_22,92
2,m_23,123
2,m_24,36
2,m_25,0
2,m_26,69
2,m_27,108
2,m_28,137
2,m_29,44
2,m_30,126
2,m_31,36
2,m_32,0
2,m_33,30
2,m_34,0
2,m_35,113
2,m_36,0
2,m_37,0
2,m_38,73
2,m_39,47
2,m_40,134
2,m_41,137
2,b_1,140
2,b_2,132
2,b_3,88
2,b_4,69
2,b_5,77
2,b_6,38
2,b_7,82
2,b_8,151
2,b_9,110
2,b_10,53
2,b_11,113
2,b_12,18
2,b_13,100
2,b_14,84
2,b_15,6
2,b_16,133
2,b_17,152
2,b_18,3
2,b_19,44
2,b_20,82
2,b_21,60
2,b_22,167
2,b_23,70
2,b_24,88
2,b_25,90
2,b_26,76
2,b_27,151
2,b_28,58
2,b_29,119
2,b_30,50
2,b_31,129
2,b_32,116
2,b_33,105
2,b_34,75
2,b_35,31
2,b_36,47
2,b_37,46
2,b_38,131
2,b_39,54
2,b_40,19
2,b_41,36
2,s_1,106
2,s_2,36
2,s_3,16
2,s_4,98
2,s_5,103
2,s_6,116
2,s_7,6
2,s_8,74
3,v_1,11
3,v_2,90
3,v_3,104
3,v_4,147
3,v_5,43
3,v_6,67
3,v_7,124
3,v_8,8
3,v_9,115
3,v_10,54
3,v_11,100
3,v_12,121
3,v_13,128
3,v_14,32
3,v_15,133
3,v_16,34
3,v_17,120
3,v_18,112
3,v_19,169
3,v_20,67
3,v_21,27
3,v_22,107
3,v_23,58
3,v_24,78
3,v_25,157
3,v_26,95
3,v_27,29
3,v_28,53
3,v_29,114
3,v_30,25
3,v_31,98
3,v_32,70
3,v_33,76
3,v_34,25
3,v_35,33
3,f_1,54
3,f_2,115
3,f_3,154
3,f_4,42
3,f_5,84
3,f_6,9
3,f_7,74
3,f_8,33
3,f_9,121
3,f_10,51
3,f_11,109
3,f_12,34
3,f_13,174
3,f_14,41
3,f_15,96
3,f_16,63
3,f_17,132
3,f_18,112
3,f_19,8
3,f_20,53
3,f_21,171
3,f_22,73
3,f_23,34
3,f_24,78
3,f_25,107
3,f_26,52
3,f_27,14
3,f_28,83
3,f_29,63
3,f_30,70
3,m_1,142
3,m_2,32
3,m_3,61
3,m_4,114
3,m_5,81
3,m_6,49
3,m_7,136
3,m_8,74
3,m_9,7
3,m_10,19
3,m_11,10
3,m_12,89
3,m_13,108
3,m_14,14
3,m_15,0
3,m_16,14
3,m_17,0
3,m_18,138
3,m_19,5
3,m_20,64
3,m_21,30
3,m_22,14
3,m_23,103
3,m_24,29
3,m_25,0
3,m_26,124
3,m_27,0
3,m_28,78
3,m_29,53
3,m_30,83
3,m_31,73
3,m_32,0
3,m_33,43
3,m_34,0
3,m_35,88
3,m_36,0
3,m_37,0
3,m_38,116
3,m_39,77
3,m_40,40
3,m_41,7
3,b_1,141
3,b_2,35
3,b_3,38
3,b_4,21
3,b_5,60
3,b_6,73
3,b_7,62
3,b_8,42
3,b_9,9
3,b_10,8
3,b_11,74
3,b_12,51
3,b_13,6
3,b_14,92
3,b_15,38
3,b_16,57
3,b_17,60
3,b_18,66
3,b_19,107
3,b_20,81
3,b_21,84
3,b_22,88
3,b_23,70
3,b_24,155
3,b_25,131
3,b_26,129
3,b_27,52
3,b_28,59
3,b_29,134
3,b_30,76
3,b_31,46
3,b_32,59
3,b_33,104
3,b_34,62
3,b_35,67
3,b_36,93
3,b_37,101
3,b_38,10
3,b_39,34
3,b_40,103
3,b_41,122
3,s_1,111
3,s_2,154
3,s_3,122
3,s_4,103
3,s_5,8
3,s_6,56
3,s_7,33
3,s_8,4
4,v_1,136
4,v_2,144
4,v_3,35
4,v_4,69
4,v_5,61
4,v_6,56
4,v_7,46
4,v_8,66
4,v_9,0
4,v_10,66
4,v_11,132
4,v_12,59
4,v_13,55
4,v_14,22
4,v_15,57
4,v_16,147
4,v_17,50
4,v_18,57
4,v_19,52
4,v_20,89
4,v_21,14
4,v_22,124
4,v_23,65
4,v_24,147
4,v_25,92
4,v_26,66
4,v_27,179
4,v_28,28
4,v_29,28
4,v_30,8
4,v_31,91
4,v_32,66
4,v_33,99
4,v_34,18
4,v_35,46
4,f_1,26
4,f_2,9
4,f_3,128
4,f_4,7
4,f_5,15
4,f_6,77
4,f_7,90
4,f_8,91
4,f_9,117
4,f_10,75
4,f_11,85
4,f_12,84
4,f_13,35
4,f_14,35
4,f_15,8
4,f_16,96
4,f_17,111
4,f_18,74
4,f_19,91
4,f_20,70
4,f_21,9
4,f_22,53
4,f_23,119
4,f_24,102
4,f_25,12
4,f_26,54
4,f_27,75
4,f_28,140
4,f_29,30
4,f_30,67
4,m_1,100
4,m_2,50
4,m_3,40
4,m_4,6
4,m_5,144
4,m_6,126
4,m_7,85
4,m_8,146
4,m_9,113
4,m_10,133
4,m_11,113
4,m_12,120
4,m_13,7
4,m_14,93
4,m_15,0
4,m_16,74
4,m_17,0
4,m_18,9
4,m_19,125
4,m_20,10
4,m_21,62
4,m_22,123
4,m_23,80
4,m_24,26
4,m_25,0
4,m_26,102
4,m_27,123
4,m_28,59
4,m_29,71
4,m_30,35
4,m_31,98
4,m_32,0
4,m_33,88
4,m_34,0
4,m_35,110
4,m_36,0
4,m_37,0
4,m_38,70
4,m_39,129
4,m_40,89
4,m_41,93
4,b_1,97
4,b_2,58
4,b_3,42
4,b_4,89
4,b_5,109
4,b_6,80
4,b_7,59
4,b_8,161
4,b_9,80
4,b_10,102
4,b_11,91
4,b_12,117
4,b_13,8
4,b_14,143
4,b_15,122
4,b_16,107
4,b_17,5
4,b_18,28
4,b_19,138
4,b_20,176
4,b_21,63
4,b_22,75
4,b_23,101
4,b_24,13
4,b_25,22
4,b_26,3
4,b_27,104
4,b_28,118
4,b_29,54
4,b_30,96
4,b_31,50
4,b_32,166
4,b_33,21
4,b_34,61
4,b_35,53
4,b_36,100
4,b_37,159
4,b_38,93
4,b_39,70
4,b_40,30
4,b_41,14
4,s_1,96
4,s_2,122
4,s_3,73
4,s_4,11
4,s_5,103
4,s_6,25
4,s_7,146
4,s_8,64
5,v_1,80
5,v_2,35
5,v_3,14
5,v_4,64
5,v_5,83
5,v_6,127
5,v_7,153
5,v_8,100
5,v_9,106
5,v_10,4
5,v_11,106
5,v_12,52
5,v_13,69
5,v_14,72
5,v_15,135
5,v_16,92
5,v_17,49
5,v_18,95
5,v_19,138
5,v_20,81
5,v_21,12
5,v_22,73
5,v_23,89
5,v_24,79
5,v_25,59
5,v_26,2
5,v_27,79
5,v_28,51
5,v_29,47
5,v_30,118
5,v_31,52
5,v_32,114
5,v_33,74
5,v_34,89
5,v_35,25
5,f_1,71
5,f_2,3
5,f_3,66
5,f_4,74
5,f_5,92
5,f_6,42
5,f_7,51
5,f_8,179
5,f_9,23
5,f_10,64
5,f_11,36
5,f_12,93
5,f_13,29
5,f_14,97
5,f_15,12
5,f_16,134
5,f_17,71
5,f_18,187
5,f_19,104
5,f_20,109
5,f_21,62
5,f_22,74
5,f_23,71
5,f_24,89
5,f_25,81
5,f_26,45
5,f_27,72
5,f_28,99
5,f_29,92
5,f_30,54
5,m_1,102
5,m_2,137
5,m_3,115
5,m_4,50
5,m_5,208
5,m_6,91
5,m_7,118
5,m_8,188
5,m_9,61
5,m_10,111
5,m_11,121
5,m_12,69
5,m_13,45
5,m_14,128
5,m_15,0
5,m_16,47
5,m_17,0
5,m_18,61
5,m_19,66
5,m_20,124
5,m_21,111
5,m_22,53
5,m_23,7
5,m_24,37
5,m_25,0
5,m_26,58
5,m_27,127
5,m_28,88
5,m_29,7
5,m_30,6
5,m_31,78
5,m_32,0
5,m_33,83
5,m_34,0
5,m_35,106
5,m_36,0
5,m_37,0
5,m_38,33
5,m_39,10
5,m_40,29
5,m_41,106
5,b_1,58
5,b_2,29
5,b_3,110
5,b_4,132
5,b_5,91
5,b_6,11
5,b_7,57
5,b_8,51
5,b_9,11
5,b_10,92
5,b_11,91
5,b_12,98
5,b_13,51
5,b_14,124
5,b_15,48
5,b_16,102
5,b_17,74
5,b_18,149
5,b_19,75
5,b_20,105
5,b_21,86
5,b_22,64
5,b_23,43
5,b_24,163
5,b_25,42
5,b_26,6
5,b_27,37
5,b_28,122
5,b_29,156
5,b_30,23
5,b_31,90
5,b_32,72
5,b_33,101
5,b_34,156
5,b_35,38
5,b_36,67
5,b_37,109
5,b_38,179
5,b_39,19
5,b_40,39
5,b_41,94
5,s_1,109
5,s_2,114
5,s_3,65
5,s_4,38
5,s_5,24
5,s_6,4
5,s_7,110
5,s_8,75
6,v_1,78
6,v_2,78
6,v_3,36
6,v_4,96
6,v_5,141
6,v_6,149
6,v_7,4
6,v_8,56
6,v_9,3
6,v_10,121
6,v_11,115
6,v_12,107
6,v_13,137
6,v_14,89
6,v_15,67
6,v_16,102
6,v_17,97
6,v_18,23
6,v_19,105
6,v_20,154
6,v_21,89
6,v_22,70
6,v_23,33
6,v_24,9
6,v_25,111
6,v_26,170
6,v_27,17
6,v_28,82
6,v_29,6
6,v_30,61
6,v_31,124
6,v_32,114
6,v_33,53
6,v_34,86
6,v_35,66
6,f_1,97
6,f_2,52
6,f_3,182
6,f_4,59
6,f_5,103
6,f_6,130
6,f_7,73
6,f_8,137
6,f_9,31
6,f_10,88
6,f_11,44
6,f_12,86
6,f_13,96
6,f_14,22
6,f_15,26
6,f_16,60
6,f_17,43
6,f_18,41
6,f_19,27
6,f_20,118
6,f_21,99
6,f_22,94
6,f_23,29
6,f_24,122
6,f_25,67
6,f_26,142
6,f_27,127
6,f_28,62
6,f_29,96
6,f_30,52
6,m_1,79
6,m_2,8
6,m_3,63
6,m_4,69
6,m_5,41
6,m_6,75
6,m_7,22
6,m_8,97
6,m_9,102
6,m_10,96
6,m_11,102
6,m_12,19
6,m_13,91
6,m_14,72
6,m_15,0
6,m_16,7
6,m_17,0
6,m_18,102
6,m_19,52
6,m_20,53
6,m_21,93
6,m_22,102
6,m_23,98
6,m_24,89
6,m_25,0
6,m_26,17
6,m_27,87
6,m_28,117
6,m_29,4
6,m_30,133
6,m_31,37
6,m_32,0
6,m_33,45
6,m_34,0
6,m_35,162
6,m_36,0
6,m_37,0
6,m_38,43
6,m_39,92
6,m_40,67
6,m_41,117
6,b_1,48
6,b_2,42
6,b_3,148
6,b_4,38
6,b_5,88
6,b_6,127
6,b_7,39
6,b_8,41
6,b_9,65
6,b_10,43
6,b_11,135
6,b_12,68
6,b_13,43
6,b_14,52
6,b_15,70
6,b_16,86
6,b_17,36
6,b_18,70
6,b_19,65
6,b_20,68
6,b_21,63
6,b_22,13
6,b_23,128
6,b_24,59
6,b_25,85
6,b_26,63
6,b_27,31
6,b_28,48
6,b_29,41
6,b_30,128
6,b_31,87
6,b_32,46
6,b_33,80
6,b_34,73
6,b_35,10
6,b_36,115
6,b_37,84
6,b_38,52
6,b_39,3
6,b_40,31
6,b_41,80
6,s_1,85
6,s_2,111
6,s_3,6
6,s_4,113
6,s_5,66
6,s_6,52
6,s_7,18
6,s_8,31
7,v_1,83
7,v_2,109
7,v_3,125
7,v_4,145
7,v_5,59
7,v_6,109
7,v_7,110
7,v_8,79
7,v_9,118
7,v_10,69
7,v_11,86
7,v_12,81
7,v_13,35
7,v_14,164
7,v_15,59
7,v_16,57
7,v_17,45
7,v_18,83
7,v_19,82
7,v_20,110
7,v_21,13
7,v_22,19
7,v_23,42
7,v_24,163
7,v_25,111
7,v_26,102
7,v_27,105
7,v_28,179
7,v_29,170
7,v_30,51
7,v_31,79
7,v_32,157
7,v_33,76
7,v_34,115
7,v_35,123
7,f_1,124
7,f_2,54
7,f_3,7
7,f_4,126
7,f_5,89
7,f_6,40
7,f_7,83
7,f_8,51
7,f_9,41
7,f_10,193
7,f_11,150
7,f_12,179
7,f_13,54
7,f_14,32
7,f_15,127
7,f_16,138
7,f_17,39
7,f_18,131
7,f_19,70
7,f_20,86
7,f_21,188
7,f_22,25
7,f_23,57
7,f_24,179
7,f_25,100
7,f_26,138
7,f_27,198
7,f_28,10
7,f_29,94
7,f_30,110
7,m_1,149
7,m_2,21
7,m_3,67
7,m_4,14
7,m_5,199
7,m_6,57
7,m_7,109
7,m_8,89
7,m_9,216
7,m_10,140
7,m_11,50
7,m_12,81
7,m_13,92
7,m_14,73
7,m_15,0
7,m_16,71
7,m_17,0
7,m_18,84
7,m_19,98
7,m_20,33
7,m_21,110
7,m_22,50
7,m_23,98
7,m_24,105
7,m_25,0
7,m_26,19
7,m_27,71
7,m_28,91
7,m_29,129
7,m_30,79
7,m_31,57
7,m_32,0
7,m_33,145
7,m_34,0
7,m_35,6
7,m_36,0
7,m_37,0
7,m_38,42
7,m_39,118
7,m_40,103
7,m_41,86
7,b_1,89
7,b_2,40
7,b_3,67
7,b_4,23
7,b_5,49
7,b_6,87
7,b_7,114
7,b_8,18
7,b_9,57
7,b_10,134
7,b_11,70
7,b_12,7
7,b_13,36
7,b_14,107
7,b_15,7
7,b_16,79
7,b_17,71
7,b_18,112
7,b_19,41
7,b_20,53
7,b_21,71
7,b_22,28
7,b_23,51
7,b_24,85
7,b_25,50
7,b_26,119
7,b_27,118
7,b_28,8
7,b_29,123
7,b_30,140
7,b_31,239
7,b_32,54
7,b_33,44
7,b_34,53
7,b_35,9
7,b_36,118
7,b_37,42
7,b_38,101
7,b_39,14
7,b_40,80
7,b_41,79
7,s_1,35
7,s_2,154
7,s_3,68
7,s_4,82
7,s_5,52
7,s_6,29
7,s_7,93
7,s_8,142
8,v_1,71
8,v_2,61
8,v_3,154
8,v_4,59
8,v_5,82
8,v_6,133
8,v_7,69
8,v_8,99
8,v_9,49
8,v_10,88
8,v_11,71
8,v_12,20
8,v_13,188
8,v_14,28
8,v_15,88
8,v_16,74
8,v_17,66
8,v_18,91
8,v_19,100
8,v_20,88
8,v_21,99
8,v_22,20
8,v_23,2
8,v_24,87
8,v_25,106
8,v_26,44
8,v_27,107
8,v_28,78
8,v_29,40
8,v_30,116
8,v_31,40
8,v_32,112
8,v_33,122
8,v_34,131
8,v_35,55
8,f_1,118
8,f_2,96
8,f_3,149
8,f_4,50
8,f_5,58
8,f_6,79
8,f_7,92
8,f_8,78
8,f_9,97
8,f_10,76
8,f_11,108
8,f_12,2
8,f_13,143
8,f_14,138
8,f_15,76
8,f_16,59
8,f_17,58
8,f_18,76
8,f_19,92
8,f_20,72
8,f_21,75
8,f_22,87
8,f_23,136
8,f_24,128
8,f_25,160
8,f_26,93
8,f_27,115
8,f_28,20
8,f_29,75
8,f_30,138
8,m_1,80
8,m_2,95
8,m_3,90
8,m_4,86
8,m_5,185
8,m_6,41
8,m_7,18
8,m_8,51
8,m_9,106
8,m_10,91
8,m_11,97
8,m_12,49
8,m_13,90
8,m_14,84
8,m_15,0
8,m_16,124
8,m_17,0
8,m_18,129
8,m_19,66
8,m_20,132
8,m_21,83
8,m_22,23
8,m_23,100
8,m_24,97
8,m_25,0
8,m_26,52
8,m_27,76
8,m_28,48
8,m_29,87
8,m_30,140
8,m_31,127
8,m_32,0
8,m_33,8
8,m_34,0
8,m_35,50
8,m_36,0
8,m_37,0
8,m_38,162
8,m_39,120
8,m_40,60
8,m_41,36
8,b_1,69
8,b_2,7
8,b_3,23
8,b_4,71
8,b_5,101
8,b_6,82
8,b_7,64
8,b_8,46
8,b_9,10
8,b_10,39
8,b_11,85
8,b_12,53
8,b_13,71
8,b_14,29
8,b_15,78
8,b_16,157
8,b_17,43
8,b_18,3
8,b_19,133
8,b_20,152
8,b_21,85
8,b_22,98
8,b_23,113
8,b_24,61
8,b_25,21
8,b_26,66
8,b_27,64
8,b_28,61
8,b_29,69
8,b_30,88
8,b_31,95
8,b_32,48
8,b_33,46
8,b_34,51
8,b_35,143
8,b_36,63
8,b_37,103
8,b_38,52
8,b_39,29
8,b_40,75
8,b_41,26
8,s_1,49
8,s_2,98
8,s_3,15
8,s_4,42
8,s_5,93
8,s_6,32
8,s_7,70
8,s_8,90
9,v_1,135
9,v_2,81
9,v_3,63
9,v_4,120
9,v_5,73
9,v_6,77
9,v_7,181
9,v_8,156
9,v_9,177
9,v_10,102
9,v_11,77
9,v_12,41
9,v_13,133
9,v_14,80
9,v_15,51
9,v_16,137
9,v_17,29
9,v_18,122
9,v_19,178
9,v_20,110
9,v_21,63
9,v_22,13
9,v_23,50
9,v_24,114
9,v_25,94
9,v_26,22
9,v_27,106
9,v_28,53
9,v_29,174
9,v_30,77
9,v_31,86
9,v_32,7
9,v_33,95
9,v_34,46
9,v_35,98
9,f_1,56
9,f_2,118
9,f_3,150
9,f_4,39
9,f_5,37
9,f_6,76
9,f_7,95
9,f_8,17
9,f_9,5
9,f_10,36
9,f_11,173
9,f_12,61
9,f_13,37
9,f_14,102
9,f_15,4
9,f_16,7
9,f_17,137
9,f_18,88
9,f_19,100
9,f_20,23
9,f_21,109
9,f_22,54
9,f_23,61
9,f_24,7
9,f_25,1
9,f_26,51
9,f_27,130
9,f_28,98
9,f_29,57
9,f_30,123
9,m_1,93
9,m_2,34
9,m_3,92
9,m_4,99
9,m_5,106
9,m_6,48
9,m_7,109
9,m_8,97
9,m_9,92
9,m_10,7
9,m_11,121
9,m_12,70
9,m_13,104
9,m_14,56
9,m_15,0
9,m_16,22
9,m_17,0
9,m_18,143
9,m_19,34
9,m_20,43
9,m_21,95
9,m_22,130
9,m_23,110
9,m_24,98
9,m_25,0
9,m_26,61
9,m_27,81
9,m_28,30
9,m_29,95
9,m_30,41
9,m_31,49
9,m_32,0
9,m_33,46
9,m_34,0
9,m_35,48
9,m_36,0
9,m_37,0
9,m_38,89
9,m_39,64
9,m_40,91
9,m_41,56
9,b_1,92
9,b_2,127
9,b_3,187
9,b_4,2
9,b_5,121
9,b_6,157
9,b_7,104
9,b_8,37
9,b_9,69
9,b_10,82
9,b_11,99
9,b_12,85
9,b_13,72
9,b_14,69
9,b_15,19
9,b_16,109
9,b_17,56
9,b_18,60
9,b_19,18
9,b_20,144
9,b_21,110
9,b_22,9
9,b_23,59
9,b_24,97
9,b_25,36
9,b_26,141
9,b_27,62
9,b_28,70
9,b_29,40
9,b_30,118
9,b_31,111
9,b_32,10
9,b_33,83
9,b_34,46
9,b_35,49
9,b_36,147
9,b_37,115
9,b_38,94
9,b_39,79
9,b_40,89
9,b_41,3
9,s_1,11
9,s_2,21
9,s_3,41
9,s_4,66
9,s_5,3
9,s_6,111
9,s_7,38
9,s_8,182
10,v_1,14
10,v_2,29
10,v_3,132
10,v_4,110
10,v_5,85
10,v_6,69
10,v_7,10
10,v_8,75
10,v_9,137
10,v_10,120
10,v_11,129
10,v_12,87
10,v_13,18
10,v_14,89
10,v_15,54
10,v_16,97
10,v_17,87
10,v_18,85
10,v_19,9
10,v_20,89
10,v_21,45
10,v_22,159
10,v_23,101
10,v_24,31
10,v_25,66
10,v_26,131
10,v_27,72
10,v_28,121
10,v_29,77
10,v_30,83
10,v_31,150
10,v_32,36
10,v_33,111
10,v_34,53
10,v_35,113
10,f_1,116
10,f_2,36
10,f_3,45
10,f_4,112
10,f_5,58
10,f_6,128
10,f_7,67
10,f_8,82
10,f_9,129
10,f_10,165
10,f_11,83
10,f_12,82
10,f_13,74
10,f_14,82
10,f_15,79
10,f_16,113
10,f_17,5
10,f_18,110
10,f_19,5
10,f_20,40
10,f_21,86
10,f_22,127
10,f_23,49
10,f_24,107
10,f_25,135
10,f_26,45
10,f_27,55
10,f_28,12
10,f_29,43
10,f_30,71
10,m_1,7
10,m_2,78
10,m_3,122
10,m_4,69
10,m_5,114
10,m_6,69
10,m_7,4
10,m_8,87
10,m_9,106
10,m_10,123
10,m_11,129
10,m_12,20
10,m_13,71
10,m_14,66
10,m_15,0
10,m_16,87
10,m_17,0
10,m_18,76
10,m_19,58
10,m_20,82
10,m_21,89
10,m_22,44
10,m_23,141
10,m_24,122
10,m_25,0
10,m_26,106
10,m_27,150
10,m_28,34
10,m_29,90
10,m_30,84
10,m_31,107
10,m_32,0
10,m_33,88
10,m_34,0
10,m_35,139
10,m_36,0
10,m_37,0
10,m_38,56
10,m_39,31
10,m_40,114
10,m_41,53
10,b_1,72
10,b_2,87
10,b_3,75
10,b_4,70
10,b_5,24
10,b_6,101
10,b_7,81
10,b_8,101
10,b_9,136
10,b_10,116
10,b_11,147
10,b_12,38
10,b_13,91
10,b_14,16
10,b_15,102
10,b_16,21
10,b_17,25
10,b_18,119
10,b_19,152
10,b_20,70
10,b_21,70
10,b_22,71
10,b_23,72
10,b_24,125
10,b_25,101
10,b_26,68
10,b_27,135
10,b_28,65
10,b_29,35
10,b_30,158
10,b_31,78
10,b_32,8
10,b_33,81
10,b_34,111
10,b_35,8
10,b_36,6
10,b_37,159
10,b_38,73
10,b_39,121
10,b_40,98
10,b_41,120
10,s_1,87
10,s_2,106
10,s_3,35
10,s_4,68
10,s_5,71
10,s_6,97
10,s_7,34
10,s_8,183
11,v_1,43
11,v_2,38
11,v_3,0
11,v_4,156
11,v_5,65
11,v_6,28
11,v_7,117
11,v_8,87
11,v_9,52
11,v_10,143
11,v_11,92
11,v_12,127
11,v_13,117
11,v_14,12
11,v_15,42
11,v_16,135
11,v_17,100
11,v_18,39
11,v_19,107
11,v_20,38
11,v_21,61
11,v_22,108
11,v_23,53
11,v_24,42
11,v_25,67
11,v_26,89
11,v_27,71
11,v_28,63
11,v_29,122
11,v_30,70
11,v_31,55
11,v_32,146
11,v_33,124
11,v_34,65
11,v_35,82
11,f_1,69
11,f_2,79
11,f_3,75
11,f_4,148
11,f_5,75
11,f_6,89
11,f_7,77
11,f_8,55
11,f_9,112
11,f_10,30
11,f_11,116
11,f_12,64
11,f_13,19
11,f_14,142
11,f_15,56
11,f_16,119
11,f_17,87
11,f_18,132
11,f_19,52
11,f_20,157
11,f_21,60
11,f_22,87
11,f_23,69
11,f_24,87
11,f_25,96
11,f_26,104
11,f_27,106
11,f_28,22
11,f_29,33
11,f_30,130
11,m_1,130
11,m_2,103
11,m_3,103
11,m_4,131
11,m_5,27
11,m_6,101
11,m_7,64
11,m_8,148
11,m_9,187
11,m_10,110
11,m_11,86
11,m_12,142
11,m_13,16
11,m_14,56
11,m_15,0
11,m_16,76
11,m_17,0
11,m_18,35
11,m_19,71
11,m_20,62
11,m_21,13
11,m_22,70
11,m_23,57
11,m_24,62
11,m_25,0
11,m_26,5
11,m_27,146
11,m_28,81
11,m_29,150
11,m_30,68
11,m_31,52
11,m_32,0
11,m_33,188
11,m_34,0
11,m_35,168
11,m_36,0
11,m_37,0
11,m_38,53
11,m_39,127
11,m_40,87
11,m_41,107
11,b_1,67
11,b_2,49
11,b_3,69
11,b_4,23
11,b_5,36
11,b_6,69
11,b_7,54
11,b_8,101
11,b_9,109
11,b_10,76
11,b_11,94
11,b_12,25
11,b_13,15
11,b_14,65
11,b_15,46
11,b_16,88
11,b_17,57
11,b_18,133
11,b_19,124
11,b_20,59
11,b_21,43
11,b_22,132
11,b_23,27
11,b_24,71
11,b_25,149
11,b_26,118
11,b_27,112
11,b_28,121
11,b_29,91
11,b_30,87
11,b_31,9
11,b_32,119
11,b_33,60
11,b_34,62
11,b_35,130
11,b_36,79
11,b_37,96
11,b_38,40
11,b_39,23
11,b_40,39
11,b_41,149
11,s_1,86
11,s_2,26
11,s_3,66
11,s_4,129
11,s_5,63
11,s_6,95
11,s_7,77
11,s_8,138
12,v_1,8
12,v_2,83
12,v_3,97
12,v_4,99
12,v_5,64
12,v_6,119
12,v_7,70
12,v_8,101
12,v_9,122
12,v_10,63
12,v_11,38
12,v_12,67
12,v_13,6
12,v_14,69
12,v_15,77
12,v_16,29
12,v_17,126
12,v_18,41
12,v_19,114
12,v_20,99
12,v_21,190
12,v_22,63
12,v_23,97
12,v_24,86
12,v_25,51
12,v_26,71
12,v_27,87
12,v_28,13
12,v_29,92
12,v_30,112
12,v_31,115
12,v_32,131
12,v_33,105
12,v_34,64
12,v_35,15
12,f_1,66
12,f_2,91
12,f_3,140
12,f_4,6
12,f_5,114
12,f_6,74
12,f_7,95
12,f_8,80
12,f_9,51
12,f_10,53
12,f_11,75
12,f_12,41
12,f_13,26
12,f_14,27
12,f_15,72
12,f_16,4
12,f_17,75
12,f_18,112
12,f_19,26
12,f_20,110
12,f_21,115
12,f_22,70
12,f_23,29
12,f_24,111
12,f_25,95
12,f_26,132
12,f_27,126
12,f_28,46
12,f_29,0
12,f_30,60
12,m_1,127
12,m_2,34
12,m_3,111
12,m_4,86
12,m_5,10
12,m_6,21
12,m_7,66
12,m_8,45
12,m_9,170
12,m_10,127
12,m_11,53
12,m_12,5
12,m_13,15
12,m_14,149
12,m_15,0
12,m_16,115
12,m_17,0
12,m_18,49
12,m_19,69
12,m_20,139
12,m_21,151
12,m_22,110
12,m_23,35
12,m_24,4
12,m_25,0
12,m_26,5
12,m_27,21
12,m_28,74
12,m_29,55
12,m_30,104
12,m_31,64
12,m_32,0
12,m_33,11
12,m_34,0
12,m_35,7
12,m_36,0
12,m_37,0
12,m_38,178
12,m_39,140
12,m_40,70
12,m_41,46
12,b_1,39
12,b_2,49
12,b_3,50
12,b_4,104
12,b_5,26
12,b_6,7
12,b_7,20
12,b_8,21
12,b_9,110
12,b_10,109
12,b_11,13
12,b_12,73
12,b_13,67
12,b_14,59
12,b_15,46
12,b_16,83
12,b_17,27
12,b_18,186
12,b_19,66
12,b_20,0
12,b_21,61
12,b_22,95
12,b_23,116
12,b_24,82
12,b_25,137
12,b_26,90
12,b_27,57
12,b_28,69
12,b_29,123
12,b_30,125
12,b_31,135
12,b_32,110
12,b_33,73
12,b_34,187
12,b_35,45
12,b_36,63
12,b_37,138
12,b_38,65
12,b_39,76
12,b_40,48
12,b_41,104
12,s_1,135
12,s_2,140
12,s_3,170
12,s_4,12
12,s_5,9
12,s_6,121
12,s_7,64
12,s_8,19
13,v_1,90
13,v_2,131
13,v_3,78
13,v_4,56
13,v_5,52
13,v_6,97
13,v_7,117
13,v_8,118
13,v_9,94
13,v_10,22
13,v_11,173
13,v_12,61
13,v_13,122
13,v_14,63
13,v_15,110
13,v_16,28
13,v_17,28
13,v_18,97
13,v_19,72
13,v_20,62
13,v_21,45
13,v_22,100
13,v_23,108
13,v_24,134
13,v_25,120
13,v_26,119
13,v_27,104
13,v_28,93
13,v_29,73
13,v_30,53
13,v_31,64
13,v_32,52
13,v_33,8
13,v_34,214
13,v_35,21
13,f_1,46
13,f_2,104
13,f_3,71
13,f_4,49
13,f_5,113
13,f_6,147
13,f_7,153
13,f_8,98
13,f_9,134
13,f_10,79
13,f_11,96
13,f_12,167
13,f_13,37
13,f_14,37
13,f_15,7
13,f_16,144
13,f_17,24
13,f_18,10
13,f_19,9
13,f_20,71
13,f_21,110
13,f_22,114
13,f_23,100
13,f_24,107
13,f_25,123
13,f_26,122
13,f_27,146
13,f_28,10
13,f_29,134
13,f_30,60
13,m_1,95
13,m_2,66
13,m_3,76
13,m_4,62
13,m_5,58
13,m_6,104
13,m_7,96
13,m_8,102
13,m_9,142
13,m_10,111
13,m_11,112
13,m_12,42
13,m_13,84
13,m_14,87
13,m_15,0
13,m_16,77
13,m_17,0
13,m_18,54
13,m_19,55
13,m_20,71
13,m_21,80
13,m_22,49
13,m_23,131
13,m_24,63
13,m_25,0
13,m_26,7
13,m_27,1
13,m_28,6
13,m_29,101
13,m_30,22
13,m_31,121
13,m_32,0
13,m_33,2
13,m_34,0
13,m_35,89
13,m_36,0
13,m_37,0
13,m_38,37
13,m_39,58
13,m_40,151
13,m_41,174
13,b_1,100
13,b_2,94
13,b_3,127
13,b_4,103
13,b_5,116
13,b_6,47
13,b_7,52
13,b_8,66
13,b_9,97
13,b_10,81
13,b_11,91
13,b_12,90
13,b_13,6
13,b_14,80
13,b_15,35
13,b_16,72
13,b_17,75
13,b_18,90
13,b_19,66
13,b_20,81
13,b_21,33
13,b_22,101
13,b_23,16
13,b_24,81
13,b_25,151
13,b_26,121
13,b_27,50
13,b_28,41
13,b_29,187
13,b_30,65
13,b_31,31
13,b_32,42
13,b_33,150
13,b_34,97
13,b_35,99
13,b_36,96
13,b_37,114
13,b_38,160
13,b_39,154
13,b_40,96
13,b_41,39
13,s_1,19
13,s_2,50
13,s_3,7
13,s_4,9
13,s_5,34
13,s_6,200
13,s_7,35
13,s_8,48
14,v_1,50
14,v_2,94
14,v_3,140
14,v_4,82
14,v_5,77
14,v_6,105
14,v_7,178
14,v_8,111
14,v_9,99
14,v_10,35
14,v_11,90
14,v_12,81
14,v_13,84
14,v_14,104
14,v_15,16
14,v_16,127
14,v_17,98
14,v_18,55
14,v_19,52
14,v_20,65
14,v_21,97
14,v_22,83
14,v_23,45
14,v_24,125
14,v_25,50
14,v_26,68
14,v_27,106
14,v_28,121
14,v_29,5
14,v_30,46
14,v_31,26
14,v_32,75
14,v_33,50
14,v_34,75
14,v_35,167
14,f_1,61
14,f_2,122
14,f_3,60
14,f_4,148
14,f_5,52
14,f_6,68
14,f_7,98
14,f_8,92
14,f_9,57
14,f_10,39
14,f_11,49
14,f_12,147
14,f_13,92
14,f_14,101
14,f_15,58
14,f_16,123
14,f_17,7
14,f_18,96
14,f_19,123
14,f_20,44
14,f_21,123
14,f_22,35
14,f_23,114
14,f_24,84
14,f_25,138
14,f_26,68
14,f_27,86
14,f_28,151
14,f_29,104
14,f_30,108
14,m_1,86
14,m_2,136
14,m_3,78
14,m_4,99
14,m_5,44
14,m_6,83
14,m_7,145
14,m_8,119
14,m_9,44
14,m_10,74
14,m_11,91
14,m_12,99
14,m_13,58
14,m_14,143
14,m_15,0
14,m_16,76
14,m_17,0
14,m_18,3
14,m_19,3
14,m_20,136
14,m_21,42
14,m_22,18
14,m_23,0
14,m_24,11
14,m_25,0
14,m_26,124
14,m_27,108
14,m_28,43
14,m_29,82
14,m_30,65
14,m_31,106
14,m_32,0
14,m_33,134
14,m_34,0
14,m_35,9
14,m_36,0
14,m_37,0
14,m_38,114
14,m_39,79
14,m_40,21
14,m_41,100
14,b_1,113
14,b_2,38
14,b_3,53
14,b_4,105
14,b_5,8
14,b_6,4
14,b_7,55
14,b_8,100
14,b_9,77
14,b_10,107
14,b_11,167
14,b_12,100
14,b_13,112
14,b_14,113
14,b_15,5
14,b_16,97
14,b_17,23
14,b_18,1
14,b_19,149
14,b_20,38
14,b_21,68
14,b_22,116
14,b_23,59
14,b_24,68
14,b_25,64
14,b_26,122
14,b_27,56
14,b_28,76
14,b_29,30
14,b_30,84
14,b_31,102
14,b_32,74
14,b_33,27
14,b_34,95
14,b_35,158
14,b_36,5
14,b_37,128
14,b_38,10
14,b_39,132
14,b_40,41
14,b_41,156
14,s_1,97
14,s_2,50
14,s_3,111
14,s_4,87
14,s_5,94
14,s_6,84
14,s_7,96
14,s_8,70
15,v_1,30
15,v_2,102
15,v_3,116
15,v_4,60
15,v_5,43
15,v_6,122
15,v_7,80
15,v_8,67
15,v_9,63
15,v_10,79
15,v_11,10
15,v_12,102
15,v_13,80
15,v_14,77
15,v_15,43
15,v_16,48
15,v_17,17
15,v_18,45
15,v_19,44
15,v_20,100
15,v_21,58
15,v_22,133
15,v_23,12
15,v_24,60
15,v_25,80
15,v_26,60
15,v_27,61
15,v_28,60
15,v_29,162
15,v_30,98
15,v_31,127
15,v_32,52
15,v_33,66
15,v_34,71
15,v_35,84
15,f_1,7
15,f_2,103
15,f_3,151
15,f_4,95
15,f_5,96
15,f_6,65
15,f_7,43
15,f_8,147
15,f_9,109
15,f_10,76
15,f_11,158
15,f_12,76
15,f_13,160
15,f_14,16
15,f_15,38
15,f_16,144
15,f_17,142
15,f_18,99
15,f_19,143
15,f_20,8
15,f_21,56
15,f_22,73
15,f_23,4
15,f_24,135
15,f_25,69
15,f_26,20
15,f_27,99
15,f_28,176
15,f_29,130
15,f_30,122
15,m_1,117
15,m_2,95
15,m_3,90
15,m_4,36
15,m_5,85
15,m_6,18
15,m_7,100
15,m_8,32
15,m_9,117
15,m_10,89
15,m_11,63
15,m_12,111
15,m_13,6
15,m_14,23
15,m_15,0
15,m_16,182
15,m_17,0
15,m_18,97
15,m_19,77
15,m_20,54
15,m_21,33
15,m_22,54
15,m_23,123
15,m_24,93
15,m_25,0
15,m_26,129
15,m_27,107
15,m_28,11
15,m_29,100
15,m_30,11
15,m_31,66
15,m_32,0
15,m_33,91
15,m_34,0
15,m_35,95
15,m_36,0
15,m_37,0
15,m_38,22
15,m_39,10
15,m_40,121
15,m_41,163
15,b_1,91
15,b_2,12
15,b_3,7
15,b_4,173
15,b_5,137
15,b_6,44
15,b_7,115
15,b_8,34
15,b_9,26
15,b_10,143
15,b_11,102
15,b_12,138
15,b_13,59
15,b_14,72
15,b_15,158
15,b_16,72
15,b_17,142
15,b_18,181
15,b_19,95
15,b_20,90
15,b_21,41
15,b_22,46
15,b_23,117
15,b_24,132
15,b_25,110
15,b_26,65
15,b_27,105
15,b_28,72
15,b_29,48
15,b_30,83
15,b_31,34
15,b_32,79
15,b_33,88
15,b_34,45
15,b_35,161
15,b_36,119
15,b_37,63
15,b_38,84
15,b_39,39
15,b_40,17
15,b_41,76
15,s_1,100
15,s_2,122
15,s_3,45
15,s_4,96
15,s_5,148
15,s_6,121
15,s_7,99
15,s_8,49
16,v_1,154
16,v_2,102
16,v_3,82
16,v_4,92
16,v_5,125
16,v_6,85
16,v_7,42
16,v_8,12
16,v_9,86
16,v_10,49
16,v_11,100
16,v_12,121
16,v_13,45
16,v_14,52
16,v_15,49
16,v_16,131
16,v_17,136
16,v_18,70
16,v_19,113
16,v_20,16
16,v_21,59
16,v_22,66
16,v_23,74
16,v_24,126
16,v_25,98
16,v_26,94
16,v_27,25
16,v_28,66
16,v_29,46
16,v_30,23
16,v_31,72
16,v_32,124
16,v_33,55
16,v_34,106
16,v_35,87
16,f_1,136
16,f_2,5
16,f_3,75
16,f_4,76
16,f_5,125
16,f_6,59
16,f_7,92
16,f_8,78
16,f_9,135
16,f_10,83
16,f_11,135
16,f_12,57
16,f_13,59
16,f_14,63
16,f_15,105
16,f_16,139
16,f_17,80
16,f_18,68
16,f_19,75
16,f_20,6
16,f_21,123
16,f_22,149
16,f_23,0
16,f_24,88
16,f_25,107
16,f_26,91
16,f_27,76
16,f_28,6
16,f_29,92
16,f_30,12
16,m_1,112
16,m_2,9
16,m_3,66
16,m_4,102
16,m_5,119
16,m_6,93
16,m_7,53
16,m_8,19
16,m_9,76
16,m_10,129
16,m_11,30
16,m_12,63
16,m_13,131
16,m_14,56
16,m_15,0
16,m_16,50
16,m_17,0
16,m_18,49
16,m_19,76
16,m_20,111
16,m_21,21
16,m_22,61
16,m_23,74
16,m_24,70
16,m_25,0
16,m_26,25
16,m_27,42
16,m_28,107
16,m_29,162
16,m_30,27
16,m_31,105
16,m_32,0
16,m_33,81
16,m_34,0
16,m_35,130
16,m_36,0
16,m_37,0
16,m_38,11
16,m_39,2
16,m_40,84
16,m_41,135
16,b_1,24
16,b_2,88
16,b_3,26
16,b_4,44
16,b_5,77
16,b_6,113
16,b_7,64
16,b_8,95
16,b_9,84
16,b_10,169
16,b_11,62
16,b_12,48
16,b_13,29
16,b_14,98
16,b_15,115
16,b_16,67
16,b_17,101
16,b_18,115
16,b_19,43
16,b_20,31
16,b_21,39
16,b_22,61
16,b_23,80
16,b_24,58
16,b_25,50
16,b_26,18
16,b_27,92
16,b_28,107
16,b_29,124
16,b_30,109
16,b_31,60
16,b_32,48
16,b_33,41
16,b_34,171
16,b_35,39
16,b_36,81
16,b_37,73
16,b_38,25
16,b_39,86
16,b_40,32
16,b_41,1
16,s_1,45
16,s_2,40
16,s_3,105
16,s_4,95
16,s_5,82
16,s_6,23
16,s_7,61
16,s_8,49
17,v_1,25
17,v_2,64
17,v_3,125
17,v_4,58
17,v_5,103
17,v_6,136
17,v_7,23
17,v_8,92
17,v_9,74
17,v_10,83
17,v_11,120
17,v_12,5
17,v_13,120
17,v_14,152
17,v_15,43
17,v_16,98
17,v_17,108
17,v_18,27
17,v_19,54
17,v_20,145
17,v_21,113
17,v_22,106
17,v_23,19
17,v_24,110
17,v_25,85
17,v_26,71
17,v_27,89
17,v_28,60
17,v_29,117
17,v_30,13
17,v_31,117
17,v_32,79
17,v_33,152
17,v_34,80
17,v_35,75
17,f_1,84
17,f_2,27
17,f_3,42
17,f_4,33
17,f_5,80
17,f_6,6
17,f_7,49
17,f_8,151
17,f_9,91
17,f_10,109
17,f_11,6
17,f_12,12
17,f_13,71
17,f_14,9
17,f_15,35
17,f_16,72
17,f_17,75
17,f_18,51
17,f_19,100
17,f_20,9
17,f_21,37
17,f_22,73
17,f_23,56
17,f_24,23
17,f_25,47
17,f_26,48
17,f_27,91
17,f_28,49
17,f_29,40
17,f_30,59
17,m_1,122
17,m_2,45
17,m_3,82
17,m_4,64
17,m_5,75
17,m_6,175
17,m_7,73
17,m_8,82
17,m_9,87
17,m_10,10
17,m_11,66
17,m_12,99
17,m_13,183
17,m_14,134
17,m_15,0
17,m_16,71
17,m_17,0
17,m_18,77
17,m_19,101
17,m_20,8
17,m_21,83
17,m_22,72
17,m_23,50
17,m_24,104
17,m_25,0
17,m_26,134
17,m_27,139
17,m_28,91
17,m_29,41
17,m_30,131
17,m_31,67
17,m_32,0
17,m_33,107
17,m_34,0
17,m_35,60
17,m_36,0
17,m_37,0
17,m_38,96
17,m_39,92
17,m_40,87
17,m_41,38
17,b_1,103
17,b_2,6
17,b_3,4
17,b_4,69
17,b_5,111
17,b_6,139
17,b_7,86
17,b_8,104
17,b_9,74
17,b_10,116
17,b_11,146
17,b_12,46
17,b_13,97
17,b_14,29
17,b_15,11
17,b_16,88
17,b_17,67
17,b_18,121
17,b_19,146
17,b_20,44
17,b_21,92
17,b_22,80
17,b_23,75
17,b_24,149
17,b_25,74
17,b_26,35
17,b_27,39
17,b_28,84
17,b_29,92
17,b_30,5
17,b_31,109
17,b_32,86
17,b_33,68
17,b_34,41
17,b_35,5
17,b_36,8
17,b_37,99
17,b_38,41
17,b_39,125
17,b_40,26
17,b_41,43
17,s_1,50
17,s_2,156
17,s_3,151
17,s_4,90
17,s_5,86
17,s_6,52
17,s_7,46
17,s_8,89
18,v_1,83
18,v_2,32
18,v_3,52
18,v_4,49
18,v_5,149
18,v_6,121
18,v_7,124
18,v_8,71
18,v_9,115
18,v_10,108
18,v_11,54
18,v_12,95
18,v_13,101
18,v_14,122
18,v_15,108
18,v_16,26
18,v_17,73
18,v_18,72
18,v_19,51
18,v_20,113
18,v_21,107
18,v_22,174
18,v_23,54
18,v_24,66
18,v_25,68
18,v_26,129
18,v_27,109
18,v_28,68
18,v_29,56
18,v_30,91
18,v_31,110
18,v_32,72
18,v_33,44
18,v_34,50
18,v_35,76
18,f_1,36
18,f_2,131
18,f_3,12
18,f_4,53
18,f_5,76
18,f_6,34
18,f_7,80
18,f_8,42
18,f_9,38
18,f_10,9
18,f_11,6
18,f_12,20
18,f_13,114
18,f_14,100
18,f_15,47
18,f_16,89
18,f_17,116
18,f_18,22
18,f_19,113
18,f_20,52
18,f_21,107
18,f_22,107
18,f_23,159
18,f_24,10
18,f_25,13
18,f_26,98
18,f_27,60
18,f_28,123
18,f_29,78
18,f_30,59
18,m_1,137
18,m_2,144
18,m_3,46
18,m_4,60
18,m_5,41
18,m_6,139
18,m_7,76
18,m_8,97
18,m_9,56
18,m_10,67
18,m_11,53
18,m_12,165
18,m_13,76
18,m_14,70
18,m_15,0
18,m_16,104
18,m_17,0
18,m_18,79
18,m_19,26
18,m_20,108
18,m_21,93
18,m_22,54
18,m_23,50
18,m_24,124
18,m_25,0
18,m_26,66
18,m_27,136
18,m_28,41
18,m_29,83
18,m_30,65
18,m_31,105
18,m_32,0
18,m_33,166
18,m_34,0
18,m_35,45
18,m_36,0
18,m_37,0
18,m_38,53
18,m_39,97
18,m_40,154
18,m_41,60
18,b_1,148
18,b_2,92
18,b_3,7
18,b_4,119
18,b_5,7
18,b_6,35
18,b_7,37
18,b_8,92
18,b_9,76
18,b_10,123
18,b_11,7
18,b_12,14
18,b_13,85
18,b_14,110
18,b_15,129
18,b_16,103
18,b_17,30
18,b_18,96
18,b_19,94
18,b_20,56
18,b_21,113
18,b_22,56
18,b_23,48
18,b_24,2
18,b_25,86
18,b_26,87
18,b_27,86
18,b_28,56
18,b_29,109
18,b_30,88
18,b_31,78
18,b_32,32
18,b_33,96
18,b_34,115
18,b_35,9
18,b_36,86
18,b_37,32
18,b_38,45
18,b_39,82
18,b_40,16
18,b_41,29
18,s_1,10
18,s_2,45
18,s_3,48
18,s_4,104
18,s_5,92
18,s_6,108
18,s_7,100
18,s_8,104
19,v_1,21
19,v_2,6
19,v_3,135
19,v_4,77
19,v_5,74
19,v_6,112
19,v_7,74
19,v_8,6
19,v_9,6
19,v_10,103
19,v_11,55
19,v_12,96
19,v_13,108
19,v_14,108
19,v_15,88
19,v_16,75
19,v_17,19
19,v_18,61
19,v_19,109
19,v_20,122
19,v_21,53
19,v_22,36
19,v_23,26
19,v_24,141
19,v_25,35
19,v_26,34
19,v_27,72
19,v_28,144
19,v_29,131
19,v_30,107
19,v_31,31
19,v_32,118
19,v_33,101
19,v_34,54
19,v_35,118
19,f_1,88
19,f_2,117
19,f_3,88
19,f_4,88
19,f_5,122
19,f_6,86
19,f_7,96
19,f_8,68
19,f_9,80
19,f_10,41
19,f_11,111
19,f_12,60
19,f_13,88
19,f_14,4
19,f_15,50
19,f_16,91
19,f_17,2
19,f_18,52
19,f_19,96
19,f_20,86
19,f_21,111
19,f_22,142
19,f_23,106
19,f_24,8
19,f_25,104
19,f_26,29
19,f_27,26
19,f_28,25
19,f_29,95
19,f_30,14
19,m_1,103
19,m_2,84
19,m_3,107
19,m_4,28
19,m_5,81
19,m_6,23
19,m_7,112
19,m_8,8
19,m_9,101
19,m_10,174
19,m_11,34
19,m_12,106
19,m_13,112
19,m_14,36
19,m_15,0
19,m_16,24
19,m_17,0
19,m_18,5
19,m_19,61
19,m_20,23
19,m_21,13
19,m_22,26
19,m_23,62
19,m_24,44
19,m_25,0
19,m_26,83
19,m_27,35
19,m_28,112
19,m_29,9
19,m_30,149
19,m_31,73
19,m_32,0
19,m_33,113
19,m_34,0
19,m_35,160
19,m_36,0
19,m_37,0
19,m_38,53
19,m_39,80
19,m_40,61
19,m_41,32
19,b_1,11
19,b_2,135
19,b_3,98
19,b_4,83
19,b_5,123
19,b_6,88
19,b_7,97
19,b_8,61
19,b_9,140
19,b_10,25
19,b_11,122
19,b_12,28
19,b_13,86
19,b_14,106
19,b_15,103
19,b_16,118
19,b_17,35
19,b_18,37
19,b_19,50
19,b_20,103
19,b_21,45
19,b_22,122
19,b_23,73
19,b_24,7
19,b_25,4
19,b_26,82
19,b_27,94
19,b_28,75
19,b_29,63
19,b_30,151
19,b_31,126
19,b_32,55
19,b_33,155
19,b_34,64
19,b_35,7
19,b_36,105
19,b_37,69
19,b_38,35
19,b_39,45
19,b_40,104
19,b_41,49
19,s_1,88
19,s_2,161
19,s_3,129
19,s_4,129
19,s_5,49
19,s_6,68
19,s_7,71
19,s_8,79
20,v_1,4
20,v_2,49
20,v_3,60
20,v_4,146
20,v_5,39
20,v_6,105
20,v_7,98
20,v_8,39
20,v_9,88
20,v_10,75
20,v_11,137
20,v_12,120
20,v_13,99
20,v_14,33
20,v_15,105
20,v_16,118
20,v_17,65
20,v_18,6
20,v_19,185
20,v_20,84
20,v_21,31
20,v_22,56
20,v_23,111
20,v_24,41
20,v_25,143
20,v_26,120
20,v_27,94
20,v_28,121
20,v_29,29
20,v_30,117
20,v_31,98
20,v_32,135
20,v_33,41
20,v_34,103
20,v_35,121
20,f_1,9
20,f_2,68
20,f_3,128
20,f_4,156
20,f_5,150
20,f_6,38
20,f_7,88
20,f_8,132
20,f_9,70
20,f_10,114
20,f_11,94
20,f_12,133
20,f_13,75
20,f_14,18
20,f_15,30
20,f_16,56
20,f_17,40
20,f_18,14
20,f_19,63
20,f_20,130
20,f_21,79
20,f_22,85
20,f_23,104
20,f_24,42
20,f_25,64
20,f_26,83
20,f_27,104
20,f_28,148
20,f_29,32
20,f_30,84
20,m_1,8
20,m_2,71
20,m_3,60
20,m_4,133
20,m_5,112
20,m_6,12
20,m_7,88
20,m_8,128
20,m_9,71
20,m_10,80
20,m_11,41
20,m_12,132
20,m_13,81
20,m_14,96
20,m_15,0
20,m_16,70
20,m_17,0
20,m_18,70
20,m_19,91
20,m_20,130
20,m_21,105
20,m_22,166
20,m_23,160
20,m_24,106
20,m_25,0
20,m_26,59
20,m_27,76
20,m_28,56
20,m_29,123
20,m_30,70
20,m_31,101
20,m_32,0
20,m_33,138
20,m_34,0
20,m_35,5
20,m_36,0
20,m_37,0
20,m_38,106
20,m_39,99
20,m_40,78
20,m_41,57
20,b_1,120
20,b_2,6
20,b_3,114
20,b_4,172
20,b_5,44
20,b_6,43
20,b_7,80
20,b_8,4
20,b_9,136
20,b_10,33
20,b_11,95
20,b_12,95
20,b_13,84
20,b_14,135
20,b_15,12
20,b_16,81
20,b_17,83
20,b_18,61
20,b_19,36
20,b_20,72
20,b_21,9
20,b_22,104
20,b_23,17
20,b_24,58
20,b_25,18
20,b_26,73
20,b_27,78
20,b_28,39
20,b_29,7
20,b_30,58
20,b_31,102
20,b_32,77
20,b_33,163
20,b_34,56
20,b_35,136
20,b_36,130
20,b_37,10
20,b_38,68
20,b_39,48
20,b_40,21
20,b_41,33
20,s_1,97
20,s_2,39
20,s_3,97
20,s_4,5
20,s_5,67
20,s_6,75
20,s_7,62
20,s_8,66
21,v_1,102
21,v_2,8
21,v_3,29
21,v_4,72
21,v_5,88
21,v_6,106
21,v_7,56
21,v_8,41
21,v_9,131
21,v_10,85
21,v_11,52
21,v_12,20
21,v_13,96
21,v_14,96
21,v_15,73
21,v_16,3
21,v_17,118
21,v_18,8
21,v_19,1
21,v_20,196
21,v_21,42
21,v_22,73
21,v_23,29
21,v_24,109
21,v_25,64
21,v_26,55
21,v_27,16
21,v_28,11
21,v_29,8
21,v_30,94
21,v_31,81
21,v_32,58
21,v_33,101
21,v_34,109
21,v_35,58
21,f_1,88
21,f_2,96
21,f_3,111
21,f_4,110
21,f_5,111
21,f_6,36
21,f_7,75
21,f_8,47
21,f_9,104
21,f_10,121
21,f_11,27
21,f_12,75
21,f_13,69
21,f_14,83
21,f_15,138
21,f_16,31
21,f_17,85
21,f_18,53
21,f_19,90
21,f_20,145
21,f_21,153
21,f_22,59
21,f_23,114
21,f_24,47
21,f_25,119
21,f_26,119
21,f_27,81
21,f_28,88
21,f_29,170
21,f_30,29
21,m_1,28
21,m_2,96
21,m_3,93
21,m_4,115
21,m_5,38
21,m_6,7
21,m_7,63
21,m_8,164
21,m_9,32
21,m_10,71
21,m_11,97
21,m_12,69
21,m_13,64
21,m_14,58
21,m_15,0
21,m_16,114
21,m_17,0
21,m_18,30
21,m_19,82
21,m_20,110
21,m_21,54
21,m_22,76
21,m_23,101
21,m_24,87
21,m_25,0
21,m_26,44
21,m_27,128
21,m_28,21
21,m_29,168
21,m_30,106
21,m_31,110
21,m_32,0
21,m_33,104
21,m_34,0
21,m_35,11
21,m_36,0
21,m_37,0
21,m_38,151
21,m_39,148
21,m_40,148
21,m_41,81
21,b_1,124
21,b_2,40
21,b_3,45
21,b_4,126
21,b_5,59
21,b_6,150
21,b_7,139
21,b_8,118
21,b_9,50
21,b_10,106
21,b_11,34
21,b_12,128
21,b_13,59
21,b_14,67
21,b_15,107
21,b_16,25
21,b_17,59
21,b_18,129
21,b_19,110
21,b_20,15
21,b_21,77
21,b_22,134
21,b_23,51
21,b_24,32
21,b_25,45
21,b_26,79
21,b_27,159
21,b_28,28
21,b_29,127
21,b_30,57
21,b_31,68
21,b_32,83
21,b_33,45
21,b_34,95
21,b_35,4
21,b_36,64
21,b_37,73
21,b_38,114
21,b_39,65
21,b_40,5
21,b_41,54
21,s_1,76
21,s_2,37
21,s_3,92
21,s_4,99
21,s_5,7
21,s_6,82
21,s_7,12
21,s_8,41
22,v_1,23
22,v_2,62
22,v_3,70
22,v_4,28
22,v_5,40
22,v_6,52
22,v_7,82
22,v_8,85
22,v_9,118
22,v_10,8
22,v_11,21
22,v_12,12
22,v_13,134
22,v_14,79
22,v_15,115
22,v_16,133
22,v_17,109
22,v_18,54
22,v_19,77
22,v_20,37
22,v_21,58
22,v_22,92
22,v_23,151
22,v_24,164
22,v_25,37
22,v_26,24
22,v_27,74
22,v_28,97
22,v_29,122
22,v_30,89
22,v_31,63
22,v_32,13
22,v_33,122
22,v_34,21
22,v_35,57
22,f_1,71
22,f_2,116
22,f_3,111
22,f_4,79
22,f_5,83
22,f_6,84
22,f_7,87
22,f_8,87
22,f_9,38
22,f_10,39
22,f_11,101
22,f_12,52
22,f_13,49
22,f_14,21
22,f_15,55
22,f_16,43
22,f_17,87
22,f_18,24
22,f_19,118
22,f_20,108
22,f_21,172
22,f_22,48
22,f_23,102
22,f_24,16
22,f_25,115
22,f_26,166
22,f_27,1
22,f_28,38
22,f_29,107
22,f_30,21
22,m_1,39
22,m_2,24
22,m_3,81
22,m_4,43
22,m_5,89
22,m_6,93
22,m_7,90
22,m_8,65
22,m_9,5
22,m_10,97
22,m_11,43
22,m_12,3
22,m_13,50
22,m_14,51
22,m_15,0
22,m_16,76
22,m_17,0
22,m_18,157
22,m_19,107
22,m_20,45
22,m_21,79
22,m_22,88
22,m_23,158
22,m_24,6
22,m_25,0
22,m_26,105
22,m_27,90
22,m_28,45
22,m_29,55
22,m_30,147
22,m_31,94
22,m_32,0
22,m_33,37
22,m_34,0
22,m_35,102
22,m_36,0
22,m_37,0
22,m_38,52
22,m_39,18
22,m_40,99
22,m_41,3
22,b_1,50
22,b_2,52
22,b_3,125
22,b_4,137
22,b_5,21
22,b_6,86
22,b_7,65
22,b_8,53
22,b_9,144
22,b_10,112
22,b_11,41
22,b_12,33
22,b_13,78
22,b_14,66
22,b_15,89
22,b_16,117
22,b_17,61
22,b_18,60
22,b_19,66
22,b_20,183
22,b_21,129
22,b_22,128
22,b_23,109
22,b_24,36
22,b_25,151
22,b_26,53
22,b_27,152
22,b_28,34
22,b_29,95
22,b_30,109
22,b_31,59
22,b_32,192
22,b_33,49
22,b_34,44
22,b_35,168
22,b_36,101
22,b_37,98
22,b_38,7
22,b_39,134
22,b_40,48
22,b_41,26
22,s_1,105
22,s_2,34
22,s_3,24
22,s_4,169
22,s_5,106
22,s_6,124
22,s_7,15
22,s_8,118
23,v_1,116
23,v_2,66
23,v_3,123
23,v_4,82
23,v_5,89
23,v_6,144
23,v_7,52
23,v_8,62
23,v_9,94
23,v_10,108
23,v_11,153
23,v_12,46
23,v_13,140
23,v_14,111
23,v_15,8
23,v_16,130
23,v_17,40
23,v_18,53
23,v_19,27
23,v_20,9
23,v_21,100
23,v_22,16
23,v_23,8
23,v_24,90
23,v_25,62
23,v_26,69
23,v_27,53
23,v_28,61
23,v_29,68
23,v_30,101
23,v_31,81
23,v_32,13
23,v_33,119
23,v_34,65
23,v_35,113
23,f_1,62
23,f_2,47
23,f_3,70
23,f_4,33
23,f_5,28
23,f_6,89
23,f_7,68
23,f_8,67
23,f_9,75
23,f_10,34
23,f_11,19
23,f_12,5
23,f_13,20
23,f_14,108
23,f_15,101
23,f_16,38
23,f_17,33
23,f_18,24
23,f_19,71
23,f_20,147
23,f_21,124
23,f_22,35
23,f_23,64
23,f_24,65
23,f_25,110
23,f_26,51
23,f_27,67
23,f_28,37
23,f_29,60
23,f_30,88
23,m_1,53
23,m_2,133
23,m_3,26
23,m_4,43
23,m_5,111
23,m_6,43
23,m_7,38
23,m_8,48
23,m_9,13
23,m_10,52
23,m_11,56
23,m_12,162
23,m_13,107
23,m_14,87
23,m_15,0
23,m_16,31
23,m_17,0
23,m_18,14
23,m_19,78
23,m_20,31
23,m_21,97
23,m_22,6
23,m_23,96
23,m_24,9
23,m_25,0
23,m_26,64
23,m_27,131
23,m_28,86
23,m_29,73
23,m_30,51
23,m_31,139
23,m_32,0
23,m_33,81
23,m_34,0
23,m_35,14
23,m_36,0
23,m_37,0
23,m_38,9
23,m_39,97
23,m_40,30
23,m_41,142
23,b_1,123
23,b_2,31
23,b_3,65
23,b_4,55
23,b_5,62
23,b_6,53
23,b_7,98
23,b_8,59
23,b_9,51
23,b_10,122
23,b_11,53
23,b_12,45
23,b_13,9
23,b_14,104
23,b_15,120
23,b_16,22
23,b_17,97
23,b_18,161
23,b_19,131
23,b_20,39
23,b_21,86
23,b_22,86
23,b_23,113
23,b_24,3
23,b_25,39
23,b_26,25
23,b_27,70
23,b_28,86
23,b_29,124
23,b_30,28
23,b_31,70
23,b_32,131
23,b_33,40
23,b_34,61
23,b_35,118
23,b_36,92
23,b_37,51
23,b_38,3
23,b_39,103
23,b_40,55
23,b_41,134
23,s_1,92
23,s_2,144
23,s_3,122
23,s_4,71
23,s_5,93
23,s_6,191
23,s_7,66
23,s_8,50
24,v_1,89
24,v_2,14
24,v_3,73
24,v_4,60
24,v_5,41
24,v_6,73
24,v_7,9
24,v_8,28
24,v_9,30
24,v_10,101
24,v_11,28
24,v_12,107
24,v_13,80
24,v_14,63
24,v_15,138
24,v_16,25
24,v_17,142
24,v_18,111
24,v_19,47
24,v_20,63
24,v_21,151
24,v_22,81
24,v_23,49
24,v_24,103
24,v_25,104
24,v_26,92
24,v_27,105
24,v_28,82
24,v_29,91
24,v_30,104
24,v_31,131
24,v_32,168
24,v_33,47
24,v_34,11
24,v_35,76
24,f_1,150
24,f_2,75
24,f_3,104
24,f_4,84
24,f_5,16
24,f_6,101
24,f_7,48
24,f_8,58
24,f_9,69
24,f_10,139
24,f_11,51
24,f_12,26
24,f_13,103
24,f_14,114
24,f_15,95
24,f_16,35
24,f_17,24
24,f_18,172
24,f_19,97
24,f_20,54
24,f_21,69
24,f_22,145
24,f_23,30
24,f_24,50
24,f_25,4
24,f_26,53
24,f_27,118
24,f_28,88
24,f_29,32
24,f_30,39
24,m_1,129
24,m_2,44
24,m_3,100
24,m_4,166
24,m_5,114
24,m_6,130
24,m_7,78
24,m_8,62
24,m_9,16
24,m_10,77
24,m_11,65
24,m_12,20
24,m_13,80
24,m_14,138
24,m_15,0
24,m_16,36
24,m_17,0
24,m_18,123
24,m_19,62
24,m_20,73
24,m_21,13
24,m_22,9
24,m_23,54
24,m_24,7
24,m_25,0
24,m_26,34
24,m_27,4
24,m_28,67
24,m_29,109
24,m_30,118
24,m_31,72
24,m_32,0
24,m_33,57
24,m_34,0
24,m_35,158
24,m_36,0
24,m_37,0
24,m_38,89
24,m_39,8
24,m_40,84
24,m_41,144
24,b_1,8
24,b_2,28
24,b_3,29
24,b_4,3
24,b_5,76
24,b_6,9
24,b_7,113
24,b_8,39
24,b_9,161
24,b_10,8
24,b_11,65
24,b_12,76
24,b_13,53
24,b_14,62
24,b_15,101
24,b_16,88
24,b_17,55
24,b_18,135
24,b_19,89
24,b_20,77
24,b_21,74
24,b_22,59
24,b_23,3
24,b_24,23
24,b_25,50
24,b_26,60
24,b_27,62
24,b_28,12
24,b_29,61
24,b_30,100
24,b_31,16
24,b_32,109
24,b_33,9
24,b_34,59
24,b_35,40
24,b_36,96
24,b_37,75
24,b_38,92
24,b_39,106
24,b_40,69
24,b_41,39
24,s_1,47
24,s_2,123
24,s_3,88
24,s_4,80
24,s_5,8
24,s_6,35
24,s_7,88
24,s_8,5
25,v_1,148
25,v_2,101
25,v_3,39
25,v_4,12
25,v_5,53
25,v_6,3
25,v_7,134
25,v_8,138
25,v_9,109
25,v_10,77
25,v_11,12
25,v_12,57
25,v_13,117
25,v_14,76
25,v_15,81
25,v_16,52
25,v_17,5
25,v_18,73
25,v_19,60
25,v_20,129
25,v_21,11
25,v_22,61
25,v_23,137
25,v_24,34
25,v_25,114
25,v_26,74
25,v_27,62
25,v_28,60
25,v_29,155
25,v_30,77
25,v_31,105
25,v_32,51
25,v_33,38
25,v_34,153
25,v_35,35
25,f_1,115
25,f_2,124
25,f_3,109
25,f_4,129
25,f_5,50
25,f_6,58
25,f_7,6
25,f_8,74
25,f_9,10
25,f_10,110
25,f_11,22
25,f_12,11
25,f_13,126
25,f_14,168
25,f_15,66
25,f_16,86
25,f_17,80
25,f_18,45
25,f_19,146
25,f_20,133
25,f_21,50
25,f_22,160
25,f_23,71
25,f_24,65
25,f_25,42
25,f_26,56
25,f_27,34
25,f_28,1
25,f_29,126
25,f_30,58
25,m_1,71
25,m_2,90
25,m_3,130
25,m_4,54
25,m_5,114
25,m_6,50
25,m_7,114
25,m_8,36
25,m_9,113
25,m_10,174
25,m_11,70
25,m_12,95
25,m_13,41
25,m_14,54
25,m_15,0
25,m_16,69
25,m_17,0
25,m_18,32
25,m_19,52
25,m_20,201
25,m_21,80
25,m_22,78
25,m_23,21
25,m_24,84
25,m_25,0
25,m_26,68
25,m_27,87
25,m_28,121
25,m_29,64
25,m_30,75
25,m_31,108
25,m_32,0
25,m_33,60
25,m_34,0
25,m_35,106
25,m_36,0
25,m_37,0
25,m_38,109
25,m_39,18
25,m_40,80
25,m_41,71
25,b_1,67
25,b_2,23
25,b_3,82
25,b_4,29
25,b_5,101
25,b_6,145
25,b_7,40
25,b_8,149
25,b_9,44
25,b_10,136
25,b_11,50
25,b_12,81
25,b_13,19
25,b_14,27
25,b_15,45
25,b_16,144
25,b_17,53
25,b_18,85
25,b_19,50
25,b_20,63
25,b_21,71
25,b_22,141
25,b_23,42
25,b_24,108
25,b_25,43
25,b_26,106
25,b_27,37
25,b_28,101
25,b_29,54
25,b_30,9
25,b_31,86
25,b_32,24
25,b_33,109
25,b_34,69
25,b_35,80
25,b_36,114
25,b_37,87
25,b_38,111
25,b_39,56
25,b_40,60
25,b_41,147
25,s_1,116
25,s_2,118
25,s_3,30
25,s_4,6
25,s_5,41
25,s_6,72
25,s_7,22
25,s_8,0
26,v_1,6
26,v_2,102
26,v_3,57
26,v_4,131
26,v_5,110
26,v_6,76
26,v_7,51
26,v_8,100
26,v_9,32
26,v_10,73
26,v_11,77
26,v_12,113
26,v_13,124
26,v_14,142
26,v_15,75
26,v_16,128
26,v_17,78
26,v_18,58
26,v_19,43
26,v_20,91
26,v_21,126
26,v_22,91
26,v_23,106
26,v_24,92
26,v_25,127
26,v_26,130
26,v_27,77
26,v_28,77
26,v_29,98
26,v_30,31
26,v_31,8
26,v_32,4
26,v_33,28
26,v_34,45
26,v_35,42
26,f_1,8
26,f_2,93
26,f_3,80
26,f_4,32
26,f_5,50
26,f_6,174
26,f_7,73
26,f_8,53
26,f_9,127
26,f_10,49
26,f_11,7
26,f_12,92
26,f_13,89
26,f_14,51
26,f_15,77
26,f_16,47
26,f_17,6
26,f_18,64
26,f_19,10
26,f_20,119
26,f_21,83
26,f_22,84
26,f_23,98
26,f_24,36
26,f_25,123
26,f_26,57
26,f_27,77
26,f_28,14
26,f_29,126
26,f_30,45
26,m_1,87
26,m_2,48
26,m_3,96
26,m_4,165
26,m_5,0
26,m_6,71
26,m_7,5
26,m_8,88
26,m_9,104
26,m_10,34
26,m_11,72
26,m_12,131
26,m_13,97
26,m_14,97
26,m_15,0
26,m_16,56
26,m_17,0
26,m_18,52
26,m_19,60
26,m_20,37
26,m_21,141
26,m_22,134
26,m_23,116
26,m_24,140
26,m_25,0
26,m_26,114
26,m_27,26
26,m_28,5
26,m_29,69
26,m_30,74
26,m_31,94
26,m_32,0
26,m_33,94
26,m_34,0
26,m_35,13
26,m_36,0
26,m_37,0
26,m_38,78
26,m_39,95
26,m_40,14
26,m_41,126
26,b_1,94
26,b_2,124
26,b_3,37
26,b_4,8
26,b_5,82
26,b_6,65
26,b_7,4
26,b_8,46
26,b_9,67
26,b_10,20
26,b_11,82
26,b_12,126
26,b_13,105
26,b_14,80
26,b_15,6
26,b_16,18
26,b_17,74
26,b_18,67
26,b_19,118
26,b_20,109
26,b_21,160
26,b_22,89
26,b_23,35
26,b_24,125
26,b_25,2
26,b_26,59
26,b_27,101
26,b_28,26
26,b_29,47
26,b_30,43
26,b_31,50
26,b_32,135
26,b_33,99
26,b_34,104
26,b_35,50
26,b_36,81
26,b_37,4
26,b_38,109
26,b_39,20
26,b_40,78
26,b_41,174
26,s_1,125
26,s_2,70
26,s_3,26
26,s_4,40
26,s_5,83
26,s_6,147
26,s_7,102
26,s_8,42
27,v_1,40
27,v_2,90
27,v_3,9
27,v_4,91
27,v_5,72
27,v_6,47
27,v_7,79
27,v_8,80
27,v_9,108
27,v_10,91
27,v_11,163
27,v_12,93
27,v_13,72
27,v_14,39
27,v_15,13
27,v_16,83
27,v_17,66
27,v_18,116
27,v_19,144
27,v_20,85
27,v_21,133
27,v_22,80
27,v_23,63
27,v_24,91
27,v_25,83
27,v_26,9
27,v_27,26
27,v_28,150
27,v_29,91
27,v_30,14
27,v_31,111
27,v_32,36
27,v_33,42
27,v_34,110
27,v_35,35
27,f_1,51
27,f_2,100
27,f_3,144
27,f_4,121
27,f_5,77
27,f_6,85
27,f_7,107
27,f_8,70
27,f_9,119
27,f_10,49
27,f_11,137
27,f_12,7
27,f_13,17
27,f_14,121
27,f_15,104
27,f_16,78
27,f_17,63
27,f_18,47
27,f_19,25
27,f_20,46
27,f_21,89
27,f_22,8
27,f_23,45
27,f_24,46
27,f_25,26
27,f_26,162
27,f_27,18
27,f_28,135
27,f_29,47
27,f_30,99
27,m_1,90
27,m_2,162
27,m_3,76
27,m_4,82
27,m_5,102
27,m_6,31
27,m_7,103
27,m_8,93
27,m_9,59
27,m_10,50
27,m_11,139
27,m_12,22
27,m_13,10
27,m_14,66
27,m_15,0
27,m_16,4
27,m_17,0
27,m_18,97
27,m_19,15
27,m_20,119
27,m_21,115
27,m_22,84
27,m_23,104
27,m_24,116
27,m_25,0
27,m_26,97
27,m_27,77
27,m_28,125
27,m_29,129
27,m_30,111
27,m_31,72
27,m_32,0
27,m_33,116
27,m_34,0
27,m_35,40
27,m_36,0
27,m_37,0
27,m_38,71
27,m_39,107
27,m_40,13
27,m_41,26
27,b_1,84
27,b_2,32
27,b_3,42
27,b_4,58
27,b_5,75
27,b_6,112
27,b_7,51
27,b_8,30
27,b_9,4
27,b_10,47
27,b_11,32
27,b_12,171
27,b_13,116
27,b_14,18
27,b_15,37
27,b_16,129
27,b_17,82
27,b_18,118
27,b_19,129
27,b_20,120
27,b_21,53
27,b_22,97
27,b_23,71
27,b_24,90
27,b_25,52
27,b_26,46
27,b_27,47
27,b_28,46
27,b_29,66
27,b_30,69
27,b_31,52
27,b_32,105
27,b_33,60
27,b_34,90
27,b_35,157
27,b_36,44
27,b_37,68
27,b_38,55
27,b_39,49
27,b_40,127
27,b_41,41
27,s_1,126
27,s_2,10
27,s_3,89
27,s_4,131
27,s_5,93
27,s_6,120
27,s_7,82
27,s_8,51
28,v_1,98
28,v_2,43
28,v_3,131
28,v_4,97
28,v_5,155
28,v_6,33
28,v_7,8
28,v_8,9
28,v_9,8
28,v_10,89
28,v_11,130
28,v_12,47
28,v_13,40
28,v_14,26
28,v_15,129
28,v_16,131
28,v_17,90
28,v_18,54
28,v_19,79
28,v_20,49
28,v_21,62
28,v_22,7
28,v_23,3
28,v_24,67
28,v_25,7
28,v_26,69
28,v_27,93
28,v_28,104
28,v_29,74
28,v_30,105
28,v_31,80
28,v_32,64
28,v_33,151
28,v_34,80
28,v_35,8
28,f_1,65
28,f_2,87
28,f_3,91
28,f_4,142
28,f_5,80
28,f_6,86
28,f_7,103
28,f_8,116
28,f_9,122
28,f_10,128
28,f_11,44
28,f_12,176
28,f_13,40
28,f_14,106
28,f_15,100
28,f_16,131
28,f_17,61
28,f_18,51
28,f_19,119
28,f_20,96
28,f_21,97
28,f_22,30
28,f_23,14
28,f_24,101
28,f_25,67
28,f_26,4
28,f_27,99
28,f_28,95
28,f_29,13
28,f_30,109
28,m_1,59
28,m_2,85
28,m_3,78
28,m_4,106
28,m_5,82
28,m_6,104
28,m_7,35
28,m_8,35
28,m_9,86
28,m_10,147
28,m_11,66
28,m_12,131
28,m_13,69
28,m_14,90
28,m_15,0
28,m_16,74
28,m_17,0
28,m_18,88
28,m_19,51
28,m_20,72
28,m_21,105
28,m_22,88
28,m_23,53
28,m_24,98
28,m_25,0
28,m_26,25
28,m_27,106
28,m_28,117
28,m_29,51
28,m_30,46
28,m_31,100
28,m_32,0
28,m_33,185
28,m_34,0
28,m_35,82
28,m_36,0
28,m_37,0
28,m_38,75
28,m_39,11
28,m_40,94
28,m_41,24
28,b_1,119
28,b_2,164
28,b_3,82
28,b_4,78
28,b_5,94
28,b_6,87
28,b_7,5
28,b_8,46
28,b_9,7
28,b_10,107
28,b_11,123
28,b_12,130
28,b_13,50
28,b_14,52
28,b_15,72
28,b_16,111
28,b_17,38
28,b_18,89
28,b_19,160
28,b_20,86
28,b_21,70
28,b_22,93
28,b_23,0
28,b_24,115
28,b_25,32
28,b_26,84
28,b_27,41
28,b_28,80
28,b_29,86
28,b_30,95
28,b_31,115
28,b_32,75
28,b_33,26
28,b_34,89
28,b_35,48
28,b_36,102
28,b_37,49
28,b_38,56
28,b_39,50
28,b_40,49
28,b_41,170
28,s_1,20
28,s_2,109
28,s_3,38
28,s_4,86
28,s_5,58
28,s_6,182
28,s_7,152
28,s_8,70
29,v_1,6
29,v_2,98
29,v_3,95
29,v_4,87
29,v_5,119
29,v_6,60
29,v_7,39
29,v_8,85
29,v_9,115
29,v_10,109
29,v_11,133
29,v_12,79
29,v_13,167
29,v_14,134
29,v_15,118
29,v_16,110
29,v_17,64
29,v_18,61
29,v_19,36
29,v_20,96
29,v_21,60
29,v_22,33
29,v_23,88
29,v_24,51
29,v_25,20
29,v_26,7
29,v_27,67
29,v_28,43
29,v_29,66
29,v_30,10
29,v_31,104
29,v_32,49
29,v_33,82
29,v_34,21
29,v_35,17
29,f_1,46
29,f_2,104
29,f_3,132
29,f_4,129
29,f_5,140
29,f_6,23
29,f_7,70
29,f_8,146
29,f_9,160
29,f_10,20
29,f_11,72
29,f_12,63
29,f_13,104
29,f_14,1
29,f_15,40
29,f_16,67
29,f_17,46
29,f_18,156
29,f_19,157
29,f_20,141
29,f_21,26
29,f_22,134
29,f_23,39
29,f_24,114
29,f_25,133
29,f_26,72
29,f_27,50
29,f_28,84
29,f_29,53
29,f_30,156
29,m_1,35
29,m_2,97
29,m_3,69
29,m_4,92
29,m_5,9
29,m_6,72
29,m_7,77
29,m_8,140
29,m_9,95
29,m_10,54
29,m_11,123
29,m_12,86
29,m_13,53
29,m_14,110
29,m_15,0
29,m_16,168
29,m_17,0
29,m_18,86
29,m_19,48
29,m_20,82
29,m_21,116
29,m_22,50
29,m_23,136
29,m_24,136
29,m_25,0
29,m_26,107
29,m_27,59
29,m_28,64
29,m_29,7
29,m_30,164
29,m_31,86
29,m_32,0
29,m_33,9
29,m_34,0
29,m_35,25
29,m_36,0
29,m_37,0
29,m_38,57
29,m_39,52
29,m_40,82
29,m_41,106
29,b_1,103
29,b_2,127
29,b_3,43
29,b_4,4
29,b_5,20
29,b_6,4
29,b_7,111
29,b_8,74
29,b_9,106
29,b_10,31
29,b_11,41
29,b_12,10
29,b_13,10
29,b_14,6
29,b_15,158
29,b_16,88
29,b_17,61
29,b_18,34
29,b_19,21
29,b_20,125
29,b_21,29
29,b_22,72
29,b_23,59
29,b_24,52
29,b_25,62
29,b_26,141
29,b_27,151
29,b_28,13
29,b_29,71
29,b_30,89
29,b_31,163
29,b_32,57
29,b_33,32
29,b_34,89
29,b_35,139
29,b_36,44
29,b_37,10
29,b_38,140
29,b_39,36
29,b_40,14
29,b_41,153
29,s_1,34
29,s_2,78
29,s_3,74
29,s_4,96
29,s_5,67
29,s_6,122
29,s_7,82
29,s_8,36
30,v_1,126
30,v_2,181
30,v_3,102
30,v_4,75
30,v_5,42
30,v_6,133
30,v_7,95
30,v_8,9
30,v_9,66
30,v_10,88
30,v_11,41
30,v_12,6
30,v_13,50
30,v_14,59
30,v_15,108
30,v_16,134
30,v_17,187
30,v_18,24
30,v_19,77
30,v_20,113
30,v_21,7
30,v_22,92
30,v_23,29
30,v_24,77
30,v_25,35
30,v_26,171
30,v_27,53
30,v_28,47
30,v_29,134
30,v_30,54
30,v_31,82
30,v_32,31
30,v_33,95
30,v_34,95
30,v_35,9
30,f_1,6
30,f_2,9
30,f_3,28
30,f_4,117
30,f_5,61
30,f_6,1
30,f_7,10
30,f_8,100
30,f_9,66
30,f_10,57
30,f_11,68
30,f_12,92
30,f_13,118
30,f_14,39
30,f_15,45
30,f_16,75
30,f_17,93
30,f_18,4
30,f_19,82
30,f_20,17
30,f_21,31
30,f_22,74
30,f_23,107
30,f_24,72
30,f_25,36
30,f_26,80
30,f_27,110
30,f_28,76
30,f_29,98
30,f_30,76
30,m_1,150
30,m_2,116
30,m_3,76
30,m_4,138
30,m_5,103
30,m_6,35
30,m_7,17
30,m_8,141
30,m_9,96
30,m_10,42
30,m_11,57
30,m_12,115
30,m_13,10
30,m_14,99
30,m_15,0
30,m_16,97
30,m_17,0
30,m_18,77
30,m_19,62
30,m_20,58
30,m_21,100
30,m_22,57
30,m_23,140
30,m_24,102
30,m_25,0
30,m_26,18
30,m_27,102
30,m_28,33
30,m_29,56
30,m_30,77
30,m_31,85
30,m_32,0
30,m_33,192
30,m_34,0
30,m_35,121
30,m_36,0
30,m_37,0
30,m_38,55
30,m_39,44
30,m_40,103
30,m_41,17
30,b_1,49
30,b_2,65
30,b_3,77
30,b_4,110
30,b_5,21
30,b_6,91
30,b_7,23
30,b_8,125
30,b_9,90
30,b_10,100
30,b_11,1
30,b_12,41
30,b_13,63
30,b_14,23
30,b_15,111
30,b_16,175
30,b_17,146
30,b_18,56
30,b_19,118
30,b_20,51
30,b_21,86
30,b_22,119
30,b_23,3
30,b_24,6
30,b_25,151
30,b_26,22
30,b_27,38
30,b_28,152
30,b_29,1
30,b_30,65
30,b_31,113
30,b_32,96
30,b_33,105
30,b_34,53
30,b_35,46
30,b_36,142
30,b_37,86
30,b_38,42
30,b_39,113
30,b_40,95
30,b_41,49
30,s_1,7
30,s_2,54
30,s_3,103
30,s_4,147
30,s_5,1
30,s_6,4
30,s_7,161
30,s_8,57
31,v_1,33
31,v_2,44
31,v_3,52
31,v_4,59
31,v_5,154
31,v_6,6
31,v_7,118
31,v_8,95
31,v_9,88
31,v_10,173
31,v_11,9
31,v_12,50
31,v_13,122
31,v_14,66
31,v_15,109
31,v_16,87
31,v_17,57
31,v_18,75
31,v_19,82
31,v_20,46
31,v_21,45
31,v_22,103
31,v_23,68
31,v_24,75
31,v_25,22
31,v_26,140
31,v_27,71
31,v_28,71
31,v_29,127
31,v_30,99
31,v_31,72
31,v_32,106
31,v_33,121
31,v_34,185
31,v_35,126
31,f_1,114
31,f_2,35
31,f_3,114
31,f_4,135
31,f_5,116
31,f_6,132
31,f_7,18
31,f_8,36
31,f_9,30
31,f_10,71
31,f_11,86
31,f_12,102
31,f_13,93
31,f_14,82
31,f_15,115
31,f_16,7
31,f_17,74
31,f_18,51
31,f_19,27
31,f_20,116
31,f_21,121
31,f_22,77
31,f_23,25
31,f_24,14
31,f_25,123
31,f_26,15
31,f_27,70
31,f_28,132
31,f_29,95
31,f_30,21
31,m_1,35
31,m_2,98
31,m_3,63
31,m_4,54
31,m_5,96
31,m_6,61
31,m_7,28
31,m_8,57
31,m_9,43
31,m_10,100
31,m_11,109
31,m_12,9
31,m_13,15
31,m_14,162
31,m_15,0
31,m_16,73
31,m_17,0
31,m_18,93
31,m_19,56
31,m_20,122
31,m_21,92
31,m_22,111
31,m_23,0
31,m_24,82
31,m_25,0
31,m_26,61
31,m_27,18
31,m_28,105
31,m_29,62
31,m_30,20
31,m_31,10
31,m_32,0
31,m_33,79
31,m_34,0
31,m_35,40
31,m_36,0
31,m_37,0
31,m_38,172
31,m_39,24
31,m_40,101
31,m_41,124
31,b_1,134
31,b_2,110
31,b_3,54
31,b_4,40
31,b_5,70
31,b_6,54
31,b_7,65
31,b_8,26
31,b_9,90
31,b_10,9
31,b_11,12
31,b_12,113
31,b_13,92
31,b_14,91
31,b_15,12
31,b_16,156
31,b_17,69
31,b_18,76
31,b_19,191
31,b_20,56
31,b_21,127
31,b_22,85
31,b_23,133
31,b_24,49
31,b_25,50
31,b_26,80
31,b_27,72
31,b_28,31
31,b_29,114
31,b_30,67
31,b_31,42
31,b_32,95
31,b_33,55
31,b_34,89
31,b_35,67
31,b_36,7
31,b_37,42
31,b_38,91
31,b_39,118
31,b_40,84
31,b_41,49
31,s_1,91
31,s_2,88
31,s_3,38
31,s_4,32
31,s_5,38
31,s_6,91
31,s_7,90
31,s_8,151
32,v_1,68
32,v_2,100
32,v_3,39
32,v_4,76
32,v_5,52
32,v_6,57
32,v_7,109
32,v_8,125
32,v_9,31
32,v_10,30
32,v_11,10
32,v_12,8
32,v_13,68
32,v_14,78
32,v_15,29
32,v_16,71
32,v_17,80
32,v_18,111
32,v_19,33
32,v_20,104
32,v_21,102
32,v_22,178
32,v_23,55
32,v_24,13
32,v_25,124
32,v_26,107
32,v_27,113
32,v_28,20
32,v_29,63
32,v_30,95
32,v_31,93
32,v_32,17
32,v_33,93
32,v_34,7
32,v_35,108
32,f_1,73
32,f_2,46
32,f_3,89
32,f_4,42
32,f_5,38
32,f_6,102
32,f_7,89
32,f_8,96
32,f_9,110
32,f_10,85
32,f_11,70
32,f_12,95
32,f_13,79
32,f_14,41
32,f_15,106
32,f_16,73
32,f_17,52
32,f_18,98
32,f_19,75
32,f_20,39
32,f_21,83
32,f_22,157
32,f_23,103
32,f_24,70
32,f_25,47
32,f_26,58
32,f_27,43
32,f_28,54
32,f_29,6
32,f_30,47
32,m_1,100
32,m_2,8
32,m_3,82
32,m_4,50
32,m_5,120
32,m_6,87
32,m_7,92
32,m_8,33
32,m_9,48
32,m_10,111
32,m_11,55
32,m_12,55
32,m_13,20
32,m_14,136
32,m_15,0
32,m_16,63
32,m_17,0
32,m_18,112
32,m_19,80
32,m_20,114
32,m_21,37
32,m_22,45
32,m_23,106
32,m_24,1
32,m_25,0
32,m_26,128
32,m_27,49
32,m_28,78
32,m_29,46
32,m_30,76
32,m_31,39
32,m_32,0
32,m_33,145
32,m_34,0
32,m_35,106
32,m_36,0
32,m_37,0
32,m_38,71
32,m_39,110
32,m_40,48
32,m_41,21
32,b_1,82
32,b_2,52
32,b_3,132
32,b_4,134
32,b_5,107
32,b_6,114
32,b_7,70
32,b_8,60
32,b_9,92
32,b_10,42
32,b_11,89
32,b_12,177
32,b_13,91
32,b_14,108
32,b_15,74
32,b_16,22
32,b_17,126
32,b_18,171
32,b_19,118
32,b_20,3
32,b_21,125
32,b_22,124
32,b_23,59
32,b_24,61
32,b_25,130
32,b_26,61
32,b_27,55
32,b_28,32
32,b_29,5
32,b_30,94
32,b_31,9
32,b_32,41
32,b_33,102
32,b_34,119
32,b_35,107
32,b_36,64
32,b_37,56
32,b_38,110
32,b_39,81
32,b_40,125
32,b_41,175
32,s_1,142
32,s_2,24
32,s_3,80
32,s_4,73
32,s_5,63
32,s_6,24
32,s_7,136
32,s_8,104
33,v_1,88
33,v_2,90
33,v_3,135
33,v_4,131
33,v_5,57
33,v_6,73
33,v_7,7
33,v_8,7
33,v_9,9
33,v_10,151
33,v_11,101
33,v_12,113
33,v_13,142
33,v_14,27
33,v_15,88
33,v_16,128
33,v_17,139
33,v_18,53
33,v_19,122
33,v_20,44
33,v_21,26
33,v_22,46
33,v_23,70
33,v_24,48
33,v_25,52
33,v_26,119
33,v_27,119
33,v_28,84
33,v_29,32
33,v_30,18
33,v_31,110
33,v_32,94
33,v_33,112
33,v_34,124
33,v_35,20
33,f_1,8
33,f_2,69
33,f_3,94
33,f_4,44
33,f_5,119
33,f_6,82
33,f_7,110
33,f_8,98
33,f_9,49
33,f_10,74
33,f_11,80
33,f_12,141
33,f_13,194
33,f_14,90
33,f_15,83
33,f_16,86
33,f_17,26
33,f_18,49
33,f_19,30
33,f_20,119
33,f_21,8
33,f_22,84
33,f_23,13
33,f_24,96
33,f_25,66
33,f_26,67
33,f_27,73
33,f_28,33
33,f_29,85
33,f_30,53
33,m_1,182
33,m_2,91
33,m_3,70
33,m_4,67
33,m_5,25
33,m_6,10
33,m_7,60
33,m_8,11
33,m_9,61
33,m_10,126
33,m_11,30
33,m_12,65
33,m_13,76
33,m_14,134
33,m_15,0
33,m_16,65
33,m_17,0
33,m_18,71
33,m_19,95
33,m_20,100
33,m_21,100
33,m_22,131
33,m_23,145
33,m_24,56
33,m_25,0
33,m_26,110
33,m_27,73
33,m_28,58
33,m_29,78
33,m_30,27
33,m_31,59
33,m_32,0
33,m_33,66
33,m_34,0
33,m_35,83
33,m_36,0
33,m_37,0
33,m_38,98
33,m_39,31
33,m_40,50
33,m_41,87
33,b_1,99
33,b_2,137
33,b_3,65
33,b_4,98
33,b_5,138
33,b_6,114
33,b_7,25
33,b_8,44
33,b_9,97
33,b_10,11
33,b_11,5
33,b_12,72
33,b_13,4
33,b_14,96
33,b_15,151
33,b_16,64
33,b_17,69
33,b_18,40
33,b_19,54
33,b_20,16
33,b_21,164
33,b_22,87
33,b_23,53
33,b_24,105
33,b_25,104
33,b_26,83
33,b_27,184
33,b_28,53
33,b_29,63
33,b_30,43
33,b_31,96
33,b_32,166
33,b_33,24
33,b_34,41
33,b_35,118
33,b_36,67
33,b_37,151
33,b_38,31
33,b_39,201
33,b_40,101
33,b_41,55
33,s_1,86
33,s_2,190
33,s_3,68
33,s_4,73
33,s_5,184
33,s_6,165
33,s_7,111
33,s_8,69
34,v_1,63
34,v_2,142
34,v_3,41
34,v_4,61
34,v_5,26
34,v_6,34
34,v_7,92
34,v_8,123
34,v_9,52
34,v_10,56
34,v_11,29
34,v_12,90
34,v_13,58
34,v_14,86
34,v_15,70
34,v_16,103
34,v_17,159
34,v_18,97
34,v_19,125
34,v_20,60
34,v_21,45
34,v_22,40
34,v_23,95
34,v_24,127
34,v_25,111
34,v_26,60
34,v_27,104
34,v_28,96
34,v_29,45
34,v_30,130
34,v_31,113
34,v_32,53
34,v_33,98
34,v_34,65
34,v_35,51
34,f_1,91
34,f_2,102
34,f_3,64
34,f_4,79
34,f_5,61
34,f_6,75
34,f_7,21
34,f_8,4
34,f_9,102
34,f_10,134
34,f_11,84
34,f_12,92
34,f_13,0
34,f_14,22
34,f_15,78
34,f_16,46
34,f_17,124
34,f_18,56
34,f_19,52
34,f_20,35
34,f_21,62
34,f_22,134
34,f_23,15
34,f_24,159
34,f_25,62
34,f_26,35
34,f_27,70
34,f_28,34
34,f_29,165
34,f_30,48
34,m_1,90
34,m_2,166
34,m_3,6
34,m_4,54
34,m_5,107
34,m_6,62
34,m_7,81
34,m_8,62
34,m_9,153
34,m_10,187
34,m_11,51
34,m_12,65
34,m_13,18
34,m_14,53
34,m_15,0
34,m_16,84
34,m_17,0
34,m_18,83
34,m_19,5
34,m_20,112
34,m_21,36
34,m_22,138
34,m_23,84
34,m_24,5
34,m_25,0
34,m_26,108
34,m_27,80
34,m_28,15
34,m_29,8
34,m_30,27
34,m_31,77
34,m_32,0
34,m_33,94
34,m_34,0
34,m_35,50
34,m_36,0
34,m_37,0
34,m_38,76
34,m_39,32
34,m_40,6
34,m_41,136
34,b_1,53
34,b_2,111
34,b_3,121
34,b_4,59
34,b_5,98
34,b_6,139
34,b_7,112
34,b_8,98
34,b_9,90
34,b_10,6
34,b_11,116
34,b_12,75
34,b_13,14
34,b_14,30
34,b_15,17
34,b_16,99
34,b_17,67
34,b_18,109
34,b_19,37
34,b_20,36
34,b_21,51
34,b_22,122
34,b_23,89
34,b_24,110
34,b_25,109
34,b_26,25
34,b_27,97
34,b_28,24
34,b_29,152
34,b_30,78
34,b_31,113
34,b_32,84
34,b_33,32
34,b_34,113
34,b_35,179
34,b_36,80
34,b_37,93
34,b_38,23
34,b_39,39
34,b_40,89
34,b_41,94
34,s_1,39
34,s_2,0
34,s_3,91
34,s_4,134
34,s_5,65
34,s_6,90
34,s_7,80
34,s_8,40
35,v_1,9
35,v_2,128
35,v_3,103
35,v_4,166
35,v_5,122
35,v_6,64
35,v_7,58
35,v_8,154
35,v_9,22
35,v_10,72
35,v_11,63
35,v_12,17
35,v_13,70
35,v_14,55
35,v_15,8
35,v_16,102
35,v_17,2
35,v_18,54
35,v_19,106
35,v_20,25
35,v_21,123
35,v_22,74
35,v_23,14
35,v_24,83
35,v_25,107
35,v_26,39
35,v_27,31
35,v_28,44
35,v_29,133
35,v_30,56
35,v_31,75
35,v_32,133
35,v_33,68
35,v_34,113
35,v_35,130
35,f_1,110
35,f_2,11
35,f_3,97
35,f_4,25
35,f_5,102
35,f_6,57
35,f_7,9
35,f_8,40
35,f_9,45
35,f_10,82
35,f_11,73
35,f_12,82
35,f_13,88
35,f_14,60
35,f_15,97
35,f_16,41
35,f_17,109
35,f_18,47
35,f_19,193
35,f_20,111
35,f_21,36
35,f_22,8
35,f_23,48
35,f_24,9
35,f_25,199
35,f_26,78
35,f_27,85
35,f_28,63
35,f_29,76
35,f_30,89
35,m_1,78
35,m_2,107
35,m_3,90
35,m_4,56
35,m_5,68
35,m_6,43
35,m_7,132
35,m_8,63
35,m_9,27
35,m_10,59
35,m_11,72
35,m_12,66
35,m_13,71
35,m_14,65
35,m_15,0
35,m_16,138
35,m_17,0
35,m_18,111
35,m_19,125
35,m_20,39
35,m_21,110
35,m_22,64
35,m_23,32
35,m_24,55
35,m_25,0
35,m_26,110
35,m_27,119
35,m_28,73
35,m_29,36
35,m_30,118
35,m_31,81
35,m_32,0
35,m_33,15
35,m_34,0
35,m_35,132
35,m_36,0
35,m_37,0
35,m_38,67
35,m_39,107
35,m_40,103
35,m_41,45
35,b_1,124
35,b_2,9
35,b_3,91
35,b_4,75
35,b_5,172
35,b_6,14
35,b_7,73
35,b_8,108
35,b_9,24
35,b_10,32
35,b_11,39
35,b_12,160
35,b_13,77
35,b_14,131
35,b_15,51
35,b_16,30
35,b_17,54
35,b_18,76
35,b_19,60
35,b_20,113
35,b_21,97
35,b_22,78
35,b_23,44
35,b_24,131
35,b_25,123
35,b_26,61
35,b_27,47
35,b_28,76
35,b_29,87
35,b_30,151
35,b_31,26
35,b_32,90
35,b_33,85
35,b_34,42
35,b_35,116
35,b_36,47
35,b_37,33
35,b_38,26
35,b_39,126
35,b_40,63
35,b_41,64
35,s_1,72
35,s_2,9
35,s_3,158
35,s_4,132
35,s_5,151
35,s_6,101
35,s_7,40
35,s_8,1
36,v_1,4
36,v_2,43
36,v_3,48
36,v_4,2
36,v_5,4
36,v_6,126
36,v_7,101
36,v_8,124
36,v_9,39
36,v_10,113
36,v_11,78
36,v_12,82
36,v_13,63
36,v_14,126
36,v_15,47
36,v_16,18
36,v_17,69
36,v_18,116
36,v_19,79
36,v_20,71
36,v_21,47
36,v_22,45
36,v_23,21
36,v_24,75
36,v_25,65
36,v_26,27
36,v_27,81
36,v_28,134
36,v_29,111
36,v_30,145
36,v_31,77
36,v_32,34
36,v_33,60
36,v_34,8
36,v_35,142
36,f_1,7
36,f_2,42
36,f_3,142
36,f_4,39
36,f_5,24
36,f_6,87
36,f_7,49
36,f_8,35
36,f_9,91
36,f_10,99
36,f_11,48
36,f_12,93
36,f_13,8
36,f_14,92
36,f_15,0
36,f_16,80
36,f_17,24
36,f_18,36
36,f_19,121
36,f_20,20
36,f_21,21
36,f_22,91
36,f_23,37
36,f_24,9
36,f_25,103
36,f_26,51
36,f_27,34
36,f_28,89
36,f_29,70
36,f_30,152
36,m_1,73
36,m_2,86
36,m_3,138
36,m_4,132
36,m_5,83
36,m_6,105
36,m_7,36
36,m_8,132
36,m_9,154
36,m_10,130
36,m_11,114
36,m_12,143
36,m_13,65
36,m_14,11
36,m_15,0
36,m_16,84
36,m_17,0
36,m_18,138
36,m_19,10
36,m_20,113
36,m_21,67
36,m_22,56
36,m_23,103
36,m_24,164
36,m_25,0
36,m_26,138
36,m_27,90
36,m_28,94
36,m_29,51
36,m_30,94
36,m_31,11
36,m_32,0
36,m_33,56
36,m_34,0
36,m_35,92
36,m_36,0
36,m_37,0
36,m_38,135
36,m_39,39
36,m_40,60
36,m_41,74
36,b_1,10
36,b_2,6
36,b_3,37
36,b_4,27
36,b_5,51
36,b_6,117
36,b_7,121
36,b_8,38
36,b_9,65
36,b_10,123
36,b_11,77
36,b_12,71
36,b_13,37
36,b_14,28
36,b_15,25
36,b_16,134
36,b_17,13
36,b_18,20
36,b_19,114
36,b_20,107
36,b_21,75
36,b_22,141
36,b_23,153
36,b_24,104
36,b_25,127
36,b_26,131
36,b_27,77
36,b_28,90
36,b_29,38
36,b_30,79
36,b_31,35
36,b_32,57
36,b_33,92
36,b_34,55
36,b_35,66
36,b_36,14
36,b_37,99
36,b_38,87
36,b_39,69
36,b_40,35
36,b_41,42
36,s_1,95
36,s_2,6
36,s_3,80
36,s_4,100
36,s_5,100
36,s_6,85
36,s_7,142
36,s_8,6
37,v_1,112
37,v_2,133
37,v_3,50
37,v_4,55
37,v_5,54
37,v_6,56
37,v_7,81
37,v_8,91
37,v_9,101
37,v_10,142
37,v_11,78
37,v_12,90
37,v_13,9
37,v_14,68
37,v_15,37
37,v_16,42
37,v_17,147
37,v_18,44
37,v_19,47
37,v_20,71
37,v_21,90
37,v_22,40
37,v_23,92
37,v_24,110
37,v_25,70
37,v_26,6
37,v_27,112
37,v_28,40
37,v_29,93
37,v_30,110
37,v_31,63
37,v_32,55
37,v_33,129
37,v_34,50
37,v_35,125
37,f_1,88
37,f_2,66
37,f_3,49
37,f_4,116
37,f_5,27
37,f_6,119
37,f_7,107
37,f_8,61
37,f_9,28
37,f_10,91
37,f_11,89
37,f_12,3
37,f_13,102
37,f_14,86
37,f_15,55
37,f_16,31
37,f_17,147
37,f_18,137
37,f_19,35
37,f_20,105
37,f_21,104
37,f_22,56
37,f_23,35
37,f_24,110
37,f_25,108
37,f_26,14
37,f_27,18
37,f_28,47
37,f_29,125
37,f_30,17
37,m_1,8
37,m_2,85
37,m_3,104
37,m_4,8
37,m_5,55
37,m_6,89
37,m_7,16
37,m_8,36
37,m_9,126
37,m_10,35
37,m_11,0
37,m_12,137
37,m_13,97
37,m_14,51
37,m_15,0
37,m_16,138
37,m_17,0
37,m_18,117
37,m_19,40
37,m_20,42
37,m_21,107
37,m_22,59
37,m_23,95
37,m_24,116
37,m_25,0
37,m_26,2
37,m_27,98
37,m_28,136
37,m_29,124
37,m_30,151
37,m_31,58
37,m_32,0
37,m_33,30
37,m_34,0
37,m_35,100
37,m_36,0
37,m_37,0
37,m_38,86
37,m_39,95
37,m_40,88
37,m_41,69
37,b_1,94
37,b_2,31
37,b_3,95
37,b_4,74
37,b_5,95
37,b_6,32
37,b_7,192
37,b_8,95
37,b_9,94
37,b_10,25
37,b_11,64
37,b_12,40
37,b_13,15
37,b_14,101
37,b_15,70
37,b_16,23
37,b_17,50
37,b_18,171
37,b_19,189
37,b_20,117
37,b_21,37
37,b_22,59
37,b_23,14
37,b_24,110
37,b_25,55
37,b_26,57
37,b_27,36
37,b_28,76
37,b_29,109
37,b_30,61
37,b_31,70
37,b_32,82
37,b_33,22
37,b_34,92
37,b_35,62
37,b_36,73
37,b_37,34
37,b_38,65
37,b_39,69
37,b_40,43
37,b_41,35
37,s_1,105
37,s_2,10
37,s_3,88
37,s_4,59
37,s_5,13
37,s_6,21
37,s_7,155
37,s_8,37
38,v_1,86
38,v_2,98
38,v_3,65
38,v_4,158
38,v_5,184
38,v_6,118
38,v_7,70
38,v_8,57
38,v_9,81
38,v_10,85
38,v_11,79
38,v_12,7
38,v_13,91
38,v_14,145
38,v_15,14
38,v_16,57
38,v_17,117
38,v_18,10
38,v_19,120
38,v_20,21
38,v_21,3
38,v_22,110
38,v_23,93
38,v_24,65
38,v_25,66
38,v_26,79
38,v_27,48
38,v_28,108
38,v_29,12
38,v_30,9
38,v_31,6
38,v_32,73
38,v_33,94
38,v_34,52
38,v_35,47
38,f_1,61
38,f_2,79
38,f_3,51
38,f_4,36
38,f_5,57
38,f_6,88
38,f_7,106
38,f_8,34
38,f_9,69
38,f_10,22
38,f_11,104
38,f_12,90
38,f_13,30
38,f_14,28
38,f_15,76
38,f_16,86
38,f_17,115
38,f_18,68
38,f_19,50
38,f_20,139
38,f_21,76
38,f_22,102
38,f_23,114
38,f_24,127
38,f_25,43
38,f_26,8
38,f_27,30
38,f_28,67
38,f_29,21
38,f_30,107
38,m_1,60
38,m_2,53
38,m_3,91
38,m_4,91
38,m_5,3
38,m_6,106
38,m_7,72
38,m_8,134
38,m_9,79
38,m_10,126
38,m_11,69
38,m_12,59
38,m_13,56
38,m_14,39
38,m_15,0
38,m_16,143
38,m_17,0
38,m_18,121
38,m_19,115
38,m_20,5
38,m_21,96
38,m_22,85
38,m_23,65
38,m_24,73
38,m_25,0
38,m_26,129
38,m_27,12
38,m_28,143
38,m_29,92
38,m_30,51
38,m_31,62
38,m_32,0
38,m_33,34
38,m_34,0
38,m_35,87
38,m_36,0
38,m_37,0
38,m_38,62
38,m_39,64
38,m_40,58
38,m_41,49
38,b_1,135
38,b_2,82
38,b_3,62
38,b_4,32
38,b_5,40
38,b_6,53
38,b_7,27
38,b_8,108
38,b_9,36
38,b_10,106
38,b_11,152
38,b_12,78
38,b_13,23
38,b_14,162
38,b_15,34
38,b_16,16
38,b_17,73
38,b_18,6
38,b_19,108
38,b_20,70
38,b_21,99
38,b_22,14
38,b_23,13
38,b_24,121
38,b_25,107
38,b_26,108
38,b_27,30
38,b_28,85
38,b_29,74
38,b_30,52
38,b_31,97
38,b_32,45
38,b_33,94
38,b_34,90
38,b_35,179
38,b_36,49
38,b_37,58
38,b_38,145
38,b_39,24
38,b_40,60
38,b_41,90
38,s_1,61
38,s_2,64
38,s_3,114
38,s_4,87
38,s_5,166
38,s_6,136
38,s_7,35
38,s_8,21
39,v_1,100
39,v_2,110
39,v_3,55
39,v_4,100
39,v_5,93
39,v_6,100
39,v_7,112
39,v_8,0
39,v_9,158
39,v_10,33
39,v_11,127
39,v_12,161
39,v_13,60
39,v_14,30
39,v_15,69
39,v_16,236
39,v_17,24
39,v_18,140
39,v_19,35
39,v_20,41
39,v_21,105
39,v_22,144
39,v_23,107
39,v_24,112
39,v_25,58
39,v_26,20
39,v_27,95
39,v_28,21
39,v_29,63
39,v_30,35
39,v_31,69
39,v_32,74
39,v_33,41
39,v_34,35
39,v_35,91
39,f_1,36
39,f_2,83
39,f_3,79
39,f_4,83
39,f_5,105
39,f_6,42
39,f_7,97
39,f_8,33
39,f_9,137
39,f_10,86
39,f_11,34
39,f_12,24
39,f_13,43
39,f_14,38
39,f_15,33
39,f_16,47
39,f_17,153
39,f_18,125
39,f_19,77
39,f_20,58
39,f_21,42
39,f_22,141
39,f_23,93
39,f_24,47
39,f_25,132
39,f_26,92
39,f_27,76
39,f_28,155
39,f_29,119
39,f_30,117
39,m_1,41
39,m_2,52
39,m_3,80
39,m_4,35
39,m_5,153
39,m_6,94
39,m_7,59
39,m_8,115
39,m_9,110
39,m_10,132
39,m_11,68
39,m_12,35
39,m_13,32
39,m_14,61
39,m_15,0
39,m_16,10
39,m_17,0
39,m_18,7
39,m_19,42
39,m_20,79
39,m_21,5
39,m_22,108
39,m_23,118
39,m_24,35
39,m_25,0
39,m_26,139
39,m_27,65
39,m_28,143
39,m_29,42
39,m_30,61
39,m_31,137
39,m_32,0
39,m_33,20
39,m_34,0
39,m_35,140
39,m_36,0
39,m_37,0
39,m_38,82
39,m_39,105
39,m_40,63
39,m_41,7
39,b_1,109
39,b_2,25
39,b_3,158
39,b_4,25
39,b_5,21
39,b_6,32
39,b_7,123
39,b_8,81
39,b_9,39
39,b_10,116
39,b_11,44
39,b_12,40
39,b_13,124
39,b_14,54
39,b_15,76
39,b_16,78
39,b_17,112
39,b_18,78
39,b_19,93
39,b_20,68
39,b_21,99
39,b_22,54
39,b_23,12
39,b_24,130
39,b_25,75
39,b_26,35
39,b_27,8
39,b_28,20
39,b_29,42
39,b_30,81
39,b_31,158
39,b_32,156
39,b_33,88
39,b_34,106
39,b_35,64
39,b_36,92
39,b_37,151
39,b_38,151
39,b_39,15
39,b_40,154
39,b_41,50
39,s_1,47
39,s_2,10
39,s_3,85
39,s_4,133
39,s_5,103
39,s_6,76
39,s_7,88
39,s_8,67
40,v_1,143
40,v_2,8
40,v_3,62
40,v_4,86
40,v_5,103
40,v_6,121
40,v_7,56
40,v_8,59
40,v_9,159
40,v_10,26
40,v_11,92
40,v_12,84
40,v_13,6
40,v_14,88
40,v_15,64
40,v_16,19
40,v_17,35
40,v_18,56
40,v_19,125
40,v_20,94
40,v_21,94
40,v_22,42
40,v_23,75
40,v_24,172
40,v_25,58
40,v_26,78
40,v_27,70
40,v_28,44
40,v_29,146
40,v_30,52
40,v_31,98
40,v_32,91
40,v_33,114
40,v_34,62
40,v_35,58
40,f_1,151
40,f_2,4
40,f_3,59
40,f_4,135
40,f_5,11
40,f_6,75
40,f_7,83
40,f_8,111
40,f_9,14
40,f_10,64
40,f_11,97
40,f_12,133
40,f_13,58
40,f_14,135
40,f_15,152
40,f_16,94
40,f_17,72
40,f_18,72
40,f_19,83
40,f_20,8
40,f_21,176
40,f_22,72
40,f_23,10
40,f_24,28
40,f_25,124
40,f_26,6
40,f_27,95
40,f_28,87
40,f_29,70
40,f_30,42
40,m_1,30
40,m_2,75
40,m_3,55
40,m_4,26
40,m_5,74
40,m_6,18
40,m_7,144
40,m_8,109
40,m_9,75
40,m_10,54
40,m_11,83
40,m_12,97
40,m_13,90
40,m_14,73
40,m_15,0
40,m_16,208
40,m_17,0
40,m_18,43
40,m_19,74
40,m_20,54
40,m_21,31
40,m_22,25
40,m_23,113
40,m_24,42
40,m_25,0
40,m_26,108
40,m_27,59
40,m_28,4
40,m_29,37
40,m_30,22
40,m_31,7
40,m_32,0
40,m_33,21
40,m_34,0
40,m_35,155
40,m_36,0
40,m_37,0
40,m_38,48
40,m_39,52
40,m_40,108
40,m_41,77
40,b_1,8
40,b_2,117
40,b_3,39
40,b_4,55
40,b_5,138
40,b_6,112
40,b_7,27
40,b_8,41
40,b_9,104
40,b_10,23
40,b_11,100
40,b_12,33
40,b_13,69
40,b_14,59
40,b_15,55
40,b_16,44
40,b_17,23
40,b_18,57
40,b_19,113
40,b_20,82
40,b_21,77
40,b_22,18
40,b_23,39
40,b_24,38
40,b_25,65
40,b_26,156
40,b_27,99
40,b_28,40
40,b_29,127
40,b_30,63
40,b_31,35
40,b_32,125
40,b_33,60
40,b_34,4
40,b_35,64
40,b_36,27
40,b_37,27
40,b_38,110
40,b_39,44
40,b_40,57
40,b_41,138
40,s_1,80
40,s_2,128
40,s_3,137
40,s_4,8
40,s_5,53
40,s_6,64
40,s_7,93
40,s_8,66
41,v_1,212
41,v_2,161
41,v_3,56
41,v_4,65
41,v_5,98
41,v_6,58
41,v_7,25
41,v_8,45
41,v_9,104
41,v_10,27
41,v_11,84
41,v_12,115
41,v_13,92
41,v_14,135
41,v_15,42
41,v_16,148
41,v_17,46
41,v_18,58
41,v_19,33
41,v_20,62
41,v_21,105
41,v_22,32
41,v_23,117
41,v_24,91
41,v_25,123
41,v_26,88
41,v_27,30
41,v_28,33
41,v_29,84
41,v_30,131
41,v_31,35
41,v_32,97
41,v_33,124
41,v_34,103
41,v_35,68
41,f_1,125
41,f_2,60
41,f_3,97
41,f_4,89
41,f_5,82
41,f_6,95
41,f_7,11
41,f_8,26
41,f_9,86
41,f_10,138
41,f_11,42
41,f_12,113
41,f_13,57
41,f_14,80
41,f_15,6
41,f_16,85
41,f_17,45
41,f_18,81
41,f_19,13
41,f_20,97
41,f_21,18
41,f_22,45
41,f_23,140
41,f_24,58
41,f_25,78
41,f_26,109
41,f_27,43
41,f_28,108
41,f_29,39
41,f_30,44
41,m_1,63
41,m_2,123
41,m_3,51
41,m_4,87
41,m_5,50
41,m_6,90
41,m_7,74
41,m_8,108
41,m_9,88
41,m_10,111
41,m_11,81
41,m_12,184
41,m_13,140
41,m_14,169
41,m_15,0
41,m_16,103
41,m_17,0
41,m_18,121
41,m_19,61
41,m_20,60
41,m_21,117
41,m_22,100
41,m_23,39
41,m_24,85
41,m_25,0
41,m_26,60
41,m_27,52
41,m_28,5
41,m_29,34
41,m_30,37
41,m_31,160
41,m_32,0
41,m_33,71
41,m_34,0
41,m_35,132
41,m_36,0
41,m_37,0
41,m_38,67
41,m_39,155
41,m_40,49
41,m_41,34
41,b_1,102
41,b_2,61
41,b_3,72
41,b_4,150
41,b_5,10
41,b_6,80
41,b_7,61
41,b_8,54
41,b_9,52
41,b_10,117
41,b_11,14
41,b_12,103
41,b_13,71
41,b_14,67
41,b_15,83
41,b_16,64
41,b_17,73
41,b_18,98
41,b_19,23
41,b_20,27
41,b_21,70
41,b_22,170
41,b_23,64
41,b_24,4
41,b_25,77
41,b_26,66
41,b_27,46
41,b_28,67
41,b_29,56
41,b_30,40
41,b_31,82
41,b_32,6
41,b_33,56
41,b_34,93
41,b_35,19
41,b_36,7
41,b_37,29
41,b_38,53
41,b_39,118
41,b_40,117
41,b_41,102
41,s_1,126
41,s_2,37
41,s_3,104
41,s_4,86
41,s_5,53
41,s_6,80
41,s_7,124
41,s_8,4
42,v_1,5
42,v_2,122
42,v_3,21
42,v_4,46
42,v_5,31
42,v_6,129
42,v_7,50
42,v_8,83
42,v_9,36
42,v_10,139
42,v_11,49
42,v_12,91
42,v_13,114
42,v_14,30
42,v_15,139
42,v_16,90
42,v_17,103
42,v_18,32
42,v_19,203
42,v_20,84
42,v_21,161
42,v_22,131
42,v_23,81
42,v_24,39
42,v_25,55
42,v_26,59
42,v_27,41
42,v_28,46
42,v_29,37
42,v_30,106
42,v_31,135
42,v_32,101
42,v_33,97
42,v_34,8
42,v_35,7
42,f_1,50
42,f_2,113
42,f_3,120
42,f_4,79
42,f_5,94
42,f_6,75
42,f_7,111
42,f_8,139
42,f_9,99
42,f_10,18
42,f_11,78
42,f_12,40
42,f_13,119
42,f_14,146
42,f_15,67
42,f_16,116
42,f_17,80
42,f_18,133
42,f_19,59
42,f_20,38
42,f_21,34
42,f_22,58
42,f_23,21
42,f_24,52
42,f_25,102
42,f_26,117
42,f_27,53
42,f_28,124
42,f_29,125
42,f_30,130
42,m_1,9
42,m_2,21
42,m_3,84
42,m_4,88
42,m_5,107
42,m_6,9
42,m_7,81
42,m_8,36
42,m_9,124
42,m_10,187
42,m_11,12
42,m_12,61
42,m_13,68
42,m_14,56
42,m_15,0
42,m_16,94
42,m_17,0
42,m_18,31
42,m_19,32
42,m_20,61
42,m_21,90
42,m_22,115
42,m_23,107
42,m_24,119
42,m_25,0
42,m_26,159
42,m_27,179
42,m_28,108
42,m_29,31
42,m_30,55
42,m_31,8
42,m_32,0
42,m_33,152
42,m_34,0
42,m_35,112
42,m_36,0
42,m_37,0
42,m_38,127
42,m_39,107
42,m_40,79
42,m_41,22
42,b_1,36
42,b_2,34
42,b_3,99
42,b_4,34
42,b_5,31
42,b_6,117
42,b_7,60
42,b_8,44
42,b_9,166
42,b_10,5
42,b_11,6
42,b_12,45
42,b_13,52
42,b_14,22
42,b_15,65
42,b_16,64
42,b_17,86
42,b_18,134
42,b_19,65
42,b_20,76
42,b_21,62
42,b_22,95
42,b_23,55
42,b_24,79
42,b_25,100
42,b_26,19
42,b_27,14
42,b_28,88
42,b_29,100
42,b_30,56
42,b_31,91
42,b_32,42
42,b_33,113
42,b_34,6
42,b_35,163
42,b_36,49
42,b_37,56
42,b_38,49
42,b_39,97
42,b_40,4
42,b_41,108
42,s_1,44
42,s_2,41
42,s_3,103
42,s_4,82
42,s_5,58
42,s_6,187
42,s_7,106
42,s_8,78
43,v_1,114
43,v_2,174
43,v_3,81
43,v_4,111
43,v_5,133
43,v_6,74
43,v_7,15
43,v_8,42
43,v_9,48
43,v_10,68
43,v_11,15
43,v_12,87
43,v_13,85
43,v_14,85
43,v_15,9
43,v_16,132
43,v_17,171
43,v_18,81
43,v_19,93
43,v_20,55
43,v_21,37
43,v_22,177
43,v_23,62
43,v_24,79
43,v_25,7
43,v_26,110
43,v_27,118
43,v_28,53
43,v_29,93
43,v_30,47
43,v_31,70
43,v_32,67
43,v_33,91
43,v_34,143
43,v_35,118
43,f_1,79
43,f_2,47
43,f_3,37
43,f_4,89
43,f_5,89
43,f_6,104
43,f_7,69
43,f_8,79
43,f_9,120
43,f_10,113
43,f_11,24
43,f_12,40
43,f_13,105
43,f_14,81
43,f_15,148
43,f_16,45
43,f_17,53
43,f_18,57
43,f_19,42
43,f_20,85
43,f_21,34
43,f_22,17
43,f_23,17
43,f_24,102
43,f_25,45
43,f_26,185
43,f_27,78
43,f_28,121
43,f_29,8
43,f_30,70
43,m_1,114
43,m_2,40
43,m_3,51
43,m_4,37
43,m_5,8
43,m_6,74
43,m_7,113
43,m_8,101
43,m_9,49
43,m_10,126
43,m_11,167
43,m_12,189
43,m_13,83
43,m_14,87
43,m_15,0
43,m_16,136
43,m_17,0
43,m_18,69
43,m_19,139
43,m_20,46
43,m_21,5
43,m_22,107
43,m_23,123
43,m_24,88
43,m_25,0
43,m_26,114
43,m_27,126
43,m_28,143
43,m_29,139
43,m_30,13
43,m_31,9
43,m_32,0
43,m_33,68
43,m_34,0
43,m_35,60
43,m_36,0
43,m_37,0
43,m_38,86
43,m_39,55
43,m_40,88
43,m_41,24
43,b_1,4
43,b_2,195
43,b_3,62
43,b_4,63
43,b_5,84
43,b_6,22
43,b_7,64
43,b_8,27
43,b_9,81
43,b_10,26
43,b_11,55
43,b_12,75
43,b_13,61
43,b_14,75
43,b_15,55
43,b_16,123
43,b_17,52
43,b_18,162
43,b_19,57
43,b_20,33
43,b_21,52
43,b_22,33
43,b_23,120
43,b_24,8
43,b_25,140
43,b_26,99
43,b_27,158
43,b_28,46
43,b_29,117
43,b_30,185
43,b_31,56
43,b_32,97
43,b_33,26
43,b_34,22
43,b_35,103
43,b_36,76
43,b_37,51
43,b_38,143
43,b_39,34
43,b_40,73
43,b_41,26
43,s_1,117
43,s_2,27
43,s_3,74
43,s_4,51
43,s_5,17
43,s_6,87
43,s_7,62
43,s_8,60
44,v_1,131
44,v_2,46
44,v_3,66
44,v_4,47
44,v_5,11
44,v_6,33
44,v_7,193
44,v_8,8
44,v_9,190
44,v_10,34
44,v_11,2
44,v_12,11
44,v_13,116
44,v_14,153
44,v_15,95
44,v_16,121
44,v_17,26
44,v_18,107
44,v_19,31
44,v_20,43
44,v_21,64
44,v_22,104
44,v_23,106
44,v_24,86
44,v_25,85
44,v_26,102
44,v_27,141
44,v_28,65
44,v_29,146
44,v_30,154
44,v_31,74
44,v_32,96
44,v_33,7
44,v_34,57
44,v_35,46
44,f_1,48
44,f_2,37
44,f_3,101
44,f_4,174
44,f_5,45
44,f_6,87
44,f_7,97
44,f_8,47
44,f_9,82
44,f_10,92
44,f_11,65
44,f_12,115
44,f_13,160
44,f_14,143
44,f_15,109
44,f_16,133
44,f_17,7
44,f_18,73
44,f_19,166
44,f_20,55
44,f_21,58
44,f_22,51
44,f_23,203
44,f_24,106
44,f_25,147
44,f_26,20
44,f_27,105
44,f_28,83
44,f_29,102
44,f_30,76
44,m_1,23
44,m_2,180
44,m_3,179
44,m_4,72
44,m_5,131
44,m_6,105
44,m_7,53
44,m_8,42
44,m_9,153
44,m_10,94
44,m_11,107
44,m_12,59
44,m_13,82
44,m_14,62
44,m_15,0
44,m_16,88
44,m_17,0
44,m_18,81
44,m_19,102
44,m_20,108
44,m_21,132
44,m_22,78
44,m_23,38
44,m_24,88
44,m_25,0
44,m_26,8
44,m_27,30
44,m_28,9
44,m_29,19
44,m_30,23
44,m_31,108
44,m_32,0
44,m_33,68
44,m_34,0
44,m_35,49
44,m_36,0
44,m_37,0
44,m_38,126
44,m_39,37
44,m_40,28
44,m_41,41
44,b_1,44
44,b_2,94
44,b_3,106
44,b_4,118
44,b_5,130
44,b_6,57
44,b_7,3
44,b_8,104
44,b_9,81
44,b_10,97
44,b_11,38
44,b_12,59
44,b_13,103
44,b_14,118
44,b_15,72
44,b_16,140
44,b_17,49
44,b_18,89
44,b_19,198
44,b_20,46
44,b_21,51
44,b_22,45
44,b_23,52
44,b_24,31
44,b_25,133
44,b_26,47
44,b_27,28
44,b_28,47
44,b_29,52
44,b_30,47
44,b_31,59
44,b_32,114
44,b_33,58
44,b_34,108
44,b_35,34
44,b_36,128
44,b_37,68
44,b_38,63
44,b_39,89
44,b_40,61
44,b_41,77
44,s_1,58
44,s_2,111
44,s_3,76
44,s_4,79
44,s_5,21
44,s_6,144
44,s_7,118
44,s_8,68
45,v_1,57
45,v_2,33
45,v_3,78
45,v_4,112
45,v_5,10
45,v_6,63
45,v_7,81
45,v_8,34
45,v_9,68
45,v_10,107
45,v_11,133
45,v_12,63
45,v_13,104
45,v_14,82
45,v_15,4
45,v_16,127
45,v_17,40
45,v_18,95
45,v_19,30
45,v_20,105
45,v_21,30
45,v_22,62
45,v_23,161
45,v_24,73
45,v_25,89
45,v_26,114
45,v_27,94
45,v_28,158
45,v_29,120
45,v_30,26
45,v_31,61
45,v_32,53
45,v_33,97
45,v_34,61
45,v_35,31
45,f_1,104
45,f_2,63
45,f_3,55
45,f_4,7
45,f_5,52
45,f_6,130
45,f_7,95
45,f_8,5
45,f_9,117
45,f_10,42
45,f_11,39
45,f_12,94
45,f_13,8
45,f_14,84
45,f_15,1
45,f_16,122
45,f_17,157
45,f_18,104
45,f_19,73
45,f_20,159
45,f_21,118
45,f_22,33
45,f_23,117
45,f_24,147
45,f_25,85
45,f_26,26
45,f_27,125
45,f_28,48
45,f_29,57
45,f_30,51
45,m_1,52
45,m_2,37
45,m_3,12
45,m_4,64
45,m_5,104
45,m_6,56
45,m_7,48
45,m_8,10
45,m_9,87
45,m_10,109
45,m_11,52
45,m_12,67
45,m_13,74
45,m_14,24
45,m_15,0
45,m_16,75
45,m_17,0
45,m_18,90
45,m_19,81
45,m_20,49
45,m_21,141
45,m_22,40
45,m_23,117
45,m_24,130
45,m_25,0
45,m_26,105
45,m_27,70
45,m_28,58
45,m_29,155
45,m_30,81
45,m_31,81
45,m_32,0
45,m_33,69
45,m_34,0
45,m_35,158
45,m_36,0
45,m_37,0
45,m_38,5
45,m_39,131
45,m_40,89
45,m_41,7
45,b_1,148
45,b_2,238
45,b_3,67
45,b_4,37
45,b_5,110
45,b_6,222
45,b_7,14
45,b_8,102
45,b_9,40
45,b_10,76
45,b_11,103
45,b_12,79
45,b_13,101
45,b_14,69
45,b_15,115
45,b_16,129
45,b_17,12
45,b_18,121
45,b_19,38
45,b_20,69
45,b_21,69
45,b_22,47
45,b_23,73
45,b_24,51
45,b_25,105
45,b_26,113
45,b_27,88
45,b_28,103
45,b_29,32
45,b_30,28
45,b_31,72
45,b_32,67
45,b_33,53
45,b_34,77
45,b_35,81
45,b_36,36
45,b_37,11
45,b_38,66
45,b_39,110
45,b_40,76
45,b_41,150
45,s_1,79
45,s_2,64
45,s_3,110
45,s_4,141
45,s_5,18
45,s_6,35
45,s_7,90
45,s_8,107
46,v_1,96
46,v_2,68
46,v_3,154
46,v_4,69
46,v_5,165
46,v_6,73
46,v_7,123
46,v_8,106
46,v_9,74
46,v_10,24
46,v_11,61
46,v_12,19
46,v_13,54
46,v_14,45
46,v_15,12
46,v_16,115
46,v_17,164
46,v_18,57
46,v_19,124
46,v_20,109
46,v_21,51
46,v_22,66
46,v_23,116
46,v_24,163
46,v_25,33
46,v_26,92
46,v_27,184
46,v_28,52
46,v_29,105
46,v_30,82
46,v_31,50
46,v_32,89
46,v_33,61
46,v_34,146
46,v_35,45
46,f_1,34
46,f_2,124
46,f_3,86
46,f_4,133
46,f_5,54
46,f_6,6
46,f_7,87
46,f_8,99
46,f_9,114
46,f_10,131
46,f_11,144
46,f_12,54
46,f_13,140
46,f_14,19
46,f_15,59
46,f_16,150
46,f_17,122
46,f_18,71
46,f_19,27
46,f_20,97
46,f_21,107
46,f_22,138
46,f_23,6
46,f_24,104
46,f_25,148
46,f_26,137
46,f_27,150
46,f_28,52
46,f_29,98
46,f_30,112
46,m_1,128
46,m_2,132
46,m_3,142
46,m_4,116
46,m_5,122
46,m_6,111
46,m_7,172
46,m_8,42
46,m_9,37
46,m_10,112
46,m_11,73
46,m_12,69
46,m_13,103
46,m_14,88
46,m_15,0
46,m_16,204
46,m_17,0
46,m_18,104
46,m_19,67
46,m_20,46
46,m_21,46
46,m_22,130
46,m_23,65
46,m_24,1
46,m_25,0
46,m_26,87
46,m_27,169
46,m_28,16
46,m_29,63
46,m_30,42
46,m_31,106
46,m_32,0
46,m_33,70
46,m_34,0
46,m_35,43
46,m_36,0
46,m_37,0
46,m_38,118
46,m_39,147
46,m_40,74
46,m_41,28
46,b_1,34
46,b_2,86
46,b_3,107
46,b_4,115
46,b_5,41
46,b_6,62
46,b_7,163
46,b_8,165
46,b_9,58
46,b_10,129
46,b_11,117
46,b_12,110
46,b_13,28
46,b_14,81
46,b_15,95
46,b_16,80
46,b_17,74
46,b_18,137
46,b_19,51
46,b_20,36
46,b_21,81
46,b_22,128
46,b_23,67
46,b_24,171
46,b_25,21
46,b_26,5
46,b_27,93
46,b_28,63
46,b_29,75
46,b_30,56
46,b_31,113
46,b_32,4
46,b_33,24
46,b_34,30
46,b_35,4
46,b_36,83
46,b_37,62
46,b_38,141
46,b_39,86
46,b_40,42
46,b_41,94
46,s_1,17
46,s_2,127
46,s_3,99
46,s_4,54
46,s_5,77
46,s_6,105
46,s_7,4
46,s_8,77
47,v_1,48
47,v_2,15
47,v_3,107
47,v_4,43
47,v_5,47
47,v_6,47
47,v_7,135
47,v_8,13
47,v_9,33
47,v_10,12
47,v_11,14
47,v_12,92
47,v_13,33
47,v_14,92
47,v_15,142
47,v_16,7
47,v_17,105
47,v_18,134
47,v_19,69
47,v_20,70
47,v_21,83
47,v_22,122
47,v_23,71
47,v_24,62
47,v_25,125
47,v_26,64
47,v_27,41
47,v_28,101
47,v_29,136
47,v_30,89
47,v_31,40
47,v_32,118
47,v_33,136
47,v_34,168
47,v_35,83
47,f_1,10
47,f_2,120
47,f_3,74
47,f_4,37
47,f_5,96
47,f_6,192
47,f_7,62
47,f_8,140
47,f_9,101
47,f_10,42
47,f_11,76
47,f_12,64
47,f_13,90
47,f_14,33
47,f_15,80
47,f_16,33
47,f_17,94
47,f_18,75
47,f_19,80
47,f_20,168
47,f_21,119
47,f_22,90
47,f_23,39
47,f_24,7
47,f_25,34
47,f_26,151
47,f_27,85
47,f_28,39
47,f_29,97
47,f_30,70
47,m_1,104
47,m_2,183
47,m_3,8
47,m_4,102
47,m_5,44
47,m_6,164
47,m_7,85
47,m_8,86
47,m_9,150
47,m_10,48
47,m_11,42
47,m_12,130
47,m_13,77
47,m_14,97
47,m_15,0
47,m_16,102
47,m_17,0
47,m_18,4
47,m_19,102
47,m_20,25
47,m_21,63
47,m_22,73
47,m_23,76
47,m_24,89
47,m_25,0
47,m_26,142
47,m_27,135
47,m_28,119
47,m_29,91
47,m_30,46
47,m_31,58
47,m_32,0
47,m_33,82
47,m_34,0
47,m_35,16
47,m_36,0
47,m_37,0
47,m_38,105
47,m_39,73
47,m_40,154
47,m_41,96
47,b_1,97
47,b_2,119
47,b_3,31
47,b_4,68
47,b_5,75
47,b_6,43
47,b_7,76
47,b_8,48
47,b_9,147
47,b_10,153
47,b_11,118
47,b_12,65
47,b_13,138
47,b_14,79
47,b_15,106
47,b_16,80
47,b_17,3
47,b_18,57
47,b_19,31
47,b_20,99
47,b_21,110
47,b_22,53
47,b_23,9
47,b_24,54
47,b_25,8
47,b_26,18
47,b_27,53
47,b_28,119
47,b_29,208
47,b_30,67
47,b_31,97
47,b_32,89
47,b_33,43
47,b_34,139
47,b_35,33
47,b_36,44
47,b_37,72
47,b_38,43
47,b_39,3
47,b_40,72
47,b_41,109
47,s_1,114
47,s_2,9
47,s_3,97
47,s_4,86
47,s_5,89
47,s_6,27
47,s_7,73
47,s_8,71
48,v_1,127
48,v_2,138
48,v_3,142
48,v_4,10
48,v_5,11
48,v_6,92
48,v_7,110
48,v_8,191
48,v_9,91
48,v_10,97
48,v_11,55
48,v_12,86
48,v_13,38
48,v_14,82
48,v_15,158
48,v_16,80
48,v_17,135
48,v_18,75
48,v_19,94
48,v_20,113
48,v_21,91
48,v_22,68
48,v_23,111
48,v_24,75
48,v_25,149
48,v_26,75
48,v_27,59
48,v_28,96
48,v_29,99
48,v_30,130
48,v_31,22
48,v_32,22
48,v_33,198
48,v_34,71
48,v_35,155
48,f_1,160
48,f_2,80
48,f_3,116
48,f_4,134
48,f_5,30
48,f_6,88
48,f_7,23
48,f_8,76
48,f_9,33
48,f_10,129
48,f_11,49
48,f_12,173
48,f_13,80
48,f_14,11
48,f_15,82
48,f_16,12
48,f_17,141
48,f_18,83
48,f_19,5
48,f_20,59
48,f_21,57
48,f_22,100
48,f_23,9
48,f_24,176
48,f_25,4
48,f_26,115
48,f_27,118
48,f_28,91
48,f_29,85
48,f_30,2
48,m_1,46
48,m_2,143
48,m_3,131
48,m_4,125
48,m_5,58
48,m_6,66
48,m_7,21
48,m_8,125
48,m_9,7
48,m_10,11
48,m_11,133
48,m_12,30
48,m_13,102
48,m_14,113
48,m_15,0
48,m_16,47
48,m_17,0
48,m_18,70
48,m_19,50
48,m_20,74
48,m_21,48
48,m_22,110
48,m_23,66
48,m_24,48
48,m_25,0
48,m_26,70
48,m_27,62
48,m_28,33
48,m_29,71
48,m_30,80
48,m_31,25
48,m_32,0
48,m_33,33
48,m_34,0
48,m_35,31
48,m_36,0
48,m_37,0
48,m_38,140
48,m_39,3
48,m_40,68
48,m_41,124
48,b_1,90
48,b_2,77
48,b_3,80
48,b_4,11
48,b_5,31
48,b_6,116
48,b_7,86
48,b_8,82
48,b_9,100
48,b_10,95
48,b_11,69
48,b_12,10
48,b_13,46
48,b_14,50
48,b_15,47
48,b_16,55
48,b_17,10
48,b_18,71
48,b_19,131
48,b_20,117
48,b_21,7
48,b_22,31
48,b_23,8
48,b_24,149
48,b_25,9
48,b_26,162
48,b_27,95
48,b_28,93
48,b_29,90
48,b_30,86
48,b_31,31
48,b_32,19
48,b_33,46
48,b_34,96
48,b_35,96
48,b_36,108
48,b_37,89
48,b_38,61
48,b_39,64
48,b_40,123
48,b_41,88
48,s_1,120
48,s_2,25
48,s_3,48
48,s_4,119
48,s_5,31
48,s_6,105
48,s_7,81
48,s_8,133
49,v_1,54
49,v_2,125
49,v_3,127
49,v_4,50
49,v_5,67
49,v_6,149
49,v_7,24
49,v_8,49
49,v_9,56
49,v_10,96
49,v_11,36
49,v_12,22
49,v_13,8
49,v_14,126
49,v_15,74
49,v_16,121
49,v_17,61
49,v_18,110
49,v_19,38
49,v_20,38
49,v_21,4
49,v_22,95
49,v_23,70
49,v_24,98
49,v_25,51
49,v_26,157
49,v_27,86
49,v_28,0
49,v_29,16
49,v_30,9
49,v_31,10
49,v_32,103
49,v_33,71
49,v_34,162
49,v_35,140
49,f_1,50
49,f_2,131
49,f_3,53
49,f_4,70
49,f_5,33
49,f_6,79
49,f_7,88
49,f_8,78
49,f_9,51
49,f_10,128
49,f_11,97
49,f_12,45
49,f_13,120
49,f_14,92
49,f_15,43
49,f_16,75
49,f_17,113
49,f_18,106
49,f_19,82
49,f_20,120
49,f_21,139
49,f_22,58
49,f_23,50
49,f_24,157
49,f_25,42
49,f_26,94
49,f_27,88
49,f_28,98
49,f_29,136
49,f_30,38
49,m_1,97
49,m_2,52
49,m_3,93
49,m_4,100
49,m_5,32
49,m_6,105
49,m_7,19
49,m_8,60
49,m_9,6
49,m_10,116
49,m_11,176
49,m_12,72
49,m_13,60
49,m_14,5
49,m_15,0
49,m_16,45
49,m_17,0
49,m_18,69
49,m_19,43
49,m_20,28
49,m_21,91
49,m_22,21
49,m_23,52
49,m_24,97
49,m_25,0
49,m_26,78
49,m_27,122
49,m_28,147
49,m_29,13
49,m_30,60
49,m_31,34
49,m_32,0
49,m_33,63
49,m_34,0
49,m_35,147
49,m_36,0
49,m_37,0
49,m_38,60
49,m_39,75
49,m_40,8
49,m_41,26
49,b_1,127
49,b_2,144
49,b_3,146
49,b_4,54
49,b_5,107
49,b_6,90
49,b_7,91
49,b_8,72
49,b_9,79
49,b_10,84
49,b_11,35
49,b_12,8
49,b_13,3
49,b_14,40
49,b_15,84
49,b_16,136
49,b_17,36
49,b_18,42
49,b_19,114
49,b_20,106
49,b_21,32
49,b_22,102
49,b_23,110
49,b_24,7
49,b_25,135
49,b_26,112
49,b_27,75
49,b_28,136
49,b_29,139
49,b_30,52
49,b_31,108
49,b_32,91
49,b_33,37
49,b_34,43
49,b_35,61
49,b_36,120
49,b_37,35
49,b_38,33
49,b_39,61
49,b_40,36
49,b_41,116
49,s_1,38
49,s_2,92
49,s_3,79
49,s_4,106
49,s_5,190
49,s_6,70
49,s_7,35
49,s_8,55
50,v_1,74
50,v_2,78
50,v_3,123
50,v_4,105
50,v_5,30
50,v_6,84
50,v_7,177
50,v_8,78
50,v_9,8
50,v_10,92
50,v_11,88
50,v_12,59
50,v_13,90
50,v_14,7
50,v_15,17
50,v_16,79
50,v_17,55
50,v_18,110
50,v_19,77
50,v_20,22
50,v_21,33
50,v_22,7
50,v_23,62
50,v_24,25
50,v_25,42
50,v_26,70
50,v_27,90
50,v_28,124
50,v_29,149
50,v_30,91
50,v_31,129
50,v_32,8
50,v_33,5
50,v_34,135
50,v_35,86
50,f_1,32
50,f_2,90
50,f_3,32
50,f_4,89
50,f_5,65
50,f_6,83
50,f_7,154
50,f_8,93
50,f_9,31
50,f_10,91
50,f_11,137
50,f_12,73
50,f_13,139
50,f_14,71
50,f_15,60
50,f_16,89
50,f_17,100
50,f_18,63
50,f_19,117
50,f_20,98
50,f_21,120
50,f_22,111
50,f_23,20
50,f_24,70
50,f_25,50
50,f_26,85
50,f_27,26
50,f_28,71
50,f_29,31
50,f_30,117
50,m_1,95
50,m_2,113
50,m_3,53
50,m_4,78
50,m_5,158
50,m_6,77
50,m_7,109
50,m_8,28
50,m_9,119
50,m_10,16
50,m_11,1
50,m_12,28
50,m_13,65
50,m_14,40
50,m_15,0
50,m_16,107
50,m_17,0
50,m_18,55
50,m_19,56
50,m_20,92
50,m_21,46
50,m_22,109
50,m_23,129
50,m_24,35
50,m_25,0
50,m_26,92
50,m_27,79
50,m_28,107
50,m_29,88
50,m_30,5
50,m_31,67
50,m_32,0
50,m_33,76
50,m_34,0
50,m_35,62
50,m_36,0
50,m_37,0
50,m_38,68
50,m_39,131
50,m_40,28
50,m_41,28
50,b_1,6
50,b_2,56
50,b_3,44
50,b_4,105
50,b_5,69
50,b_6,81
50,b_7,27
50,b_8,112
50,b_9,141
50,b_10,164
50,b_11,11
50,b_12,96
50,b_13,72
50,b_14,8
50,b_15,41
50,b_16,63
50,b_17,98
50,b_18,49
50,b_19,21
50,b_20,115
50,b_21,12
50,b_22,77
50,b_23,113
50,b_24,100
50,b_25,7
50,b_26,76
50,b_27,39
50,b_28,67
50,b_29,140
50,b_30,90
50,b_31,35
50,b_32,76
50,b_33,54
50,b_34,72
50,b_35,5
50,b_36,100
50,b_37,56
50,b_38,63
50,b_39,101
50,b_40,72
50,b_41,65
50,s_1,25
50,s_2,145
50,s_3,126
50,s_4,169
50,s_5,50
50,s_6,25
50,s_7,117
50,s_8,142
51,v_1,28
51,v_2,164
51,v_3,137
51,v_4,113
51,v_5,89
51,v_6,50
51,v_7,79
51,v_8,5
51,v_9,115
51,v_10,81
51,v_11,68
51,v_12,112
51,v_13,120
51,v_14,156
51,v_15,47
51,v_16,64
51,v_17,184
51,v_18,76
51,v_19,16
51,v_20,6
51,v_21,94
51,v_22,24
51,v_23,132
51,v_24,108
51,v_25,63
51,v_26,120
51,v_27,91
51,v_28,110
51,v_29,74
51,v_30,88
51,v_31,90
51,v_32,94
51,v_33,38
51,v_34,25
51,v_35,73
51,f_1,44
51,f_2,35
51,f_3,13
51,f_4,96
51,f_5,144
51,f_6,59
51,f_7,25
51,f_8,165
51,f_9,41
51,f_10,27
51,f_11,108
51,f_12,133
51,f_13,73
51,f_14,110
51,f_15,93
51,f_16,80
51,f_17,75
51,f_18,82
51,f_19,38
51,f_20,158
51,f_21,95
51,f_22,74
51,f_23,5
51,f_24,73
51,f_25,108
51,f_26,127
51,f_27,157
51,f_28,147
51,f_29,85
51,f_30,113
51,m_1,74
51,m_2,85
51,m_3,127
51,m_4,48
51,m_5,51
51,m_6,114
51,m_7,61
51,m_8,82
51,m_9,82
51,m_10,80
51,m_11,117
51,m_12,32
51,m_13,57
51,m_14,53
51,m_15,0
51,m_16,31
51,m_17,0
51,m_18,101
51,m_19,81
51,m_20,147
51,m_21,164
51,m_22,81
51,m_23,80
51,m_24,33
51,m_25,0
51,m_26,62
51,m_27,84
51,m_28,77
51,m_29,41
51,m_30,171
51,m_31,84
51,m_32,0
51,m_33,56
51,m_34,0
51,m_35,43
51,m_36,0
51,m_37,0
51,m_38,18
51,m_39,89
51,m_40,47
51,m_41,4
51,b_1,82
51,b_2,101
51,b_3,48
51,b_4,78
51,b_5,90
51,b_6,34
51,b_7,69
51,b_8,133
51,b_9,76
51,b_10,102
51,b_11,26
51,b_12,81
51,b_13,22
51,b_14,85
51,b_15,56
51,b_16,61
51,b_17,78
51,b_18,53
51,b_19,96
51,b_20,84
51,b_21,60
51,b_22,50
51,b_23,29
51,b_24,17
51,b_25,11
51,b_26,97
51,b_27,5
51,b_28,96
51,b_29,207
51,b_30,40
51,b_31,79
51,b_32,87
51,b_33,23
51,b_34,83
51,b_35,56
51,b_36,93
51,b_37,101
51,b_38,91
51,b_39,75
51,b_40,98
51,b_41,57
51,s_1,136
51,s_2,109
51,s_3,104
51,s_4,94
51,s_5,164
51,s_6,73
51,s_7,45
51,s_8,7
52,v_1,35
52,v_2,115
52,v_3,138
52,v_4,206
52,v_5,86
52,v_6,106
52,v_7,154
52,v_8,96
52,v_9,92
52,v_10,38
52,v_11,12
52,v_12,11
52,v_13,100
52,v_14,19
52,v_15,64
52,v_16,28
52,v_17,95
52,v_18,90
52,v_19,36
52,v_20,102
52,v_21,28
52,v_22,7
52,v_23,100
52,v_24,100
52,v_25,72
52,v_26,29
52,v_27,53
52,v_28,59
52,v_29,60
52,v_30,124
52,v_31,113
52,v_32,56
52,v_33,34
52,v_34,72
52,v_35,42
52,f_1,190
52,f_2,5
52,f_3,49
52,f_4,53
52,f_5,97
52,f_6,43
52,f_7,55
52,f_8,57
52,f_9,53
52,f_10,88
52,f_11,81
52,f_12,117
52,f_13,51
52,f_14,78
52,f_15,56
52,f_16,65
52,f_17,53
52,f_18,41
52,f_19,29
52,f_20,2
52,f_21,52
52,f_22,127
52,f_23,53
52,f_24,52
52,f_25,48
52,f_26,72
52,f_27,27
52,f_28,93
52,f_29,25
52,f_30,137
52,m_1,124
52,m_2,58
52,m_3,190
52,m_4,8
52,m_5,112
52,m_6,68
52,m_7,7
52,m_8,58
52,m_9,90
52,m_10,94
52,m_11,147
52,m_12,73
52,m_13,73
52,m_14,68
52,m_15,0
52,m_16,38
52,m_17,0
52,m_18,79
52,m_19,28
52,m_20,174
52,m_21,83
52,m_22,64
52,m_23,39
52,m_24,82
52,m_25,0
52,m_26,54
52,m_27,76
52,m_28,139
52,m_29,62
52,m_30,8
52,m_31,91
52,m_32,0
52,m_33,93
52,m_34,0
52,m_35,39
52,m_36,0
52,m_37,0
52,m_38,141
52,m_39,74
52,m_40,71
52,m_41,118
52,b_1,68
52,b_2,56
52,b_3,89
52,b_4,147
52,b_5,101
52,b_6,72
52,b_7,122
52,b_8,33
52,b_9,119
52,b_10,61
52,b_11,9
52,b_12,1
52,b_13,86
52,b_14,15
52,b_15,2
52,b_16,10
52,b_17,51
52,b_18,105
52,b_19,111
52,b_20,3
52,b_21,30
52,b_22,179
52,b_23,91
52,b_24,66
52,b_25,24
52,b_26,109
52,b_27,74
52,b_28,9
52,b_29,52
52,b_30,104
52,b_31,134
52,b_32,68
52,b_33,3
52,b_34,94
52,b_35,32
52,b_36,108
52,b_37,37
52,b_38,127
52,b_39,91
52,b_40,75
52,b_41,42
52,s_1,2
52,s_2,128
52,s_3,106
52,s_4,36
52,s_5,65
52,s_6,118
52,s_7,148
52,s_8,100
